,Date,Year,Month,Zone,PD_PM10,Max_PM10,Min_PM10,Indice_PM10,Clase_PM10,PD_PM25,Max_PM25,Min_PM25,Indice_PM25,Clase_PM25
0,2019-03-01,2019,3,CE,56.0,101.0,23.0,72.618,Regular,27.0,55.0,8.0,33.75,Buena
1,2019-03-01,2019,3,NE,81.0,161.0,37.0,102.775,Mala,32.2,62.0,1.0,40.25,Buena
2,2019-03-01,2019,3,NO,63.0,112.0,21.0,82.706,Regular,35.1,61.0,12.0,43.875,Buena
3,2019-03-01,2019,3,SE,56.0,111.0,8.0,72.618,Regular,24.4,47.0,6.0,30.5,Buena
4,2019-03-01,2019,3,SO,38.0,85.0,3.0,47.5,Buena,20.3,44.0,1.0,25.375,Buena
5,2019-03-02,2019,3,CE,60.0,109.0,35.0,78.382,Regular,30.5,64.0,6.0,38.125,Buena
6,2019-03-02,2019,3,NE,74.0,145.0,25.0,98.559,Regular,30.5,62.0,9.0,38.125,Buena
7,2019-03-02,2019,3,NO,52.0,119.0,2.0,66.85300000000001,Regular,25.0,39.0,6.0,31.25,Buena
8,2019-03-02,2019,3,SE,62.0,104.0,36.0,81.265,Regular,28.7,57.0,10.0,35.875,Buena
9,2019-03-02,2019,3,SO,38.0,65.0,14.0,47.5,Buena,21.6,43.0,4.0,27.0,Buena
10,2019-03-03,2019,3,CE,50.0,83.0,29.0,63.971000000000004,Regular,24.6,38.0,11.0,30.75,Buena
11,2019-03-03,2019,3,NE,65.0,132.0,30.0,85.588,Regular,25.3,53.0,6.0,31.625,Buena
12,2019-03-03,2019,3,NO,44.0,116.0,9.0,55.324,Regular,18.4,28.0,12.0,23.0,Buena
13,2019-03-03,2019,3,SE,56.0,113.0,32.0,72.618,Regular,26.3,38.0,12.0,32.875,Buena
14,2019-03-03,2019,3,SO,32.0,69.0,14.0,40.0,Buena,17.6,30.0,6.0,22.0,Buena
15,2019-03-04,2019,3,CE,52.0,93.0,24.0,66.85300000000001,Regular,26.3,55.0,3.0,32.875,Buena
16,2019-03-04,2019,3,NE,71.0,134.0,30.0,94.235,Regular,30.2,54.0,10.0,37.75,Buena
17,2019-03-04,2019,3,NO,57.0,113.0,19.0,74.059,Regular,29.1,60.0,1.0,36.375,Buena
18,2019-03-04,2019,3,SE,56.0,79.0,33.0,72.618,Regular,31.0,51.0,10.0,38.75,Buena
19,2019-03-04,2019,3,SO,39.0,81.0,15.0,48.75,Buena,21.6,46.0,9.0,27.0,Buena
20,2019-03-05,2019,3,CE,51.0,90.0,23.0,65.41199999999999,Regular,30.0,59.0,13.0,37.5,Buena
21,2019-03-05,2019,3,NE,58.0,101.0,28.0,75.5,Regular,31.3,60.0,2.0,39.125,Buena
22,2019-03-05,2019,3,NO,57.0,121.0,6.0,74.059,Regular,32.5,48.0,18.0,40.625,Buena
23,2019-03-05,2019,3,SE,61.0,116.0,6.0,79.824,Regular,32.2,45.0,18.0,40.25,Buena
24,2019-03-05,2019,3,SO,42.0,77.0,19.0,52.441,Regular,25.5,51.0,9.0,31.875,Buena
25,2019-03-06,2019,3,CE,23.0,42.0,8.0,28.75,Buena,10.4,24.0,2.0,13.0,Buena
26,2019-03-06,2019,3,NE,18.0,35.0,5.0,22.5,Buena,7.8,19.0,2.0,9.75,Buena
27,2019-03-06,2019,3,SE,32.0,66.0,2.0,40.0,Buena,8.6,28.0,1.0,10.75,Buena
28,2019-03-06,2019,3,SO,17.0,48.0,5.0,21.25,Buena,8.1,27.0,1.0,10.125,Buena
29,2019-03-07,2019,3,CE,22.0,68.0,1.0,27.5,Buena,13.3,51.0,2.0,16.625,Buena
30,2019-03-07,2019,3,NE,27.0,69.0,4.0,33.75,Buena,12.5,37.0,1.0,15.625,Buena
31,2019-03-07,2019,3,NO,30.0,57.0,12.0,37.5,Buena,16.2,33.0,9.0,20.25,Buena
32,2019-03-07,2019,3,SE,29.0,72.0,2.0,36.25,Buena,13.8,27.0,2.0,17.25,Buena
33,2019-03-07,2019,3,SO,26.0,55.0,1.0,32.5,Buena,14.6,34.0,1.0,18.25,Buena
34,2019-03-08,2019,3,CE,27.0,58.0,5.0,33.75,Buena,16.0,33.0,4.0,20.0,Buena
35,2019-03-08,2019,3,NE,38.0,143.0,11.0,47.5,Buena,16.3,41.0,1.0,20.375,Buena
36,2019-03-08,2019,3,NO,31.0,116.0,4.0,38.75,Buena,17.8,30.0,1.0,22.25,Buena
37,2019-03-08,2019,3,SE,32.0,73.0,5.0,40.0,Buena,16.0,47.0,4.0,20.0,Buena
38,2019-03-08,2019,3,SO,24.0,85.0,6.0,30.0,Buena,13.5,34.0,5.0,16.875,Buena
39,2019-03-09,2019,3,CE,26.0,63.0,3.0,32.5,Buena,14.1,28.0,1.0,17.625,Buena
40,2019-03-09,2019,3,NE,30.0,62.0,7.0,37.5,Buena,12.9,32.0,1.0,16.125,Buena
41,2019-03-09,2019,3,SE,36.0,116.0,15.0,45.0,Buena,14.6,39.0,3.0,18.25,Buena
42,2019-03-09,2019,3,SO,23.0,54.0,9.0,28.75,Buena,12.1,33.0,2.0,15.125,Buena
43,2019-03-10,2019,3,CE,22.0,70.0,8.0,27.5,Buena,11.5,23.0,3.0,14.375,Buena
44,2019-03-10,2019,3,NE,28.0,103.0,9.0,35.0,Buena,11.3,35.0,3.0,14.125,Buena
45,2019-03-10,2019,3,NO,28.0,98.0,4.0,35.0,Buena,14.2,35.0,5.0,17.75,Buena
46,2019-03-10,2019,3,SE,28.0,86.0,6.0,35.0,Buena,14.7,27.0,5.0,18.375,Buena
47,2019-03-10,2019,3,SO,16.0,49.0,3.0,20.0,Buena,9.5,34.0,1.0,11.875,Buena
48,2019-03-11,2019,3,CE,21.0,46.0,5.0,26.25,Buena,14.8,32.0,1.0,18.5,Buena
49,2019-03-11,2019,3,NE,22.0,47.0,1.0,27.5,Buena,12.4,29.0,1.0,15.5,Buena
50,2019-03-11,2019,3,NO,22.0,52.0,1.0,27.5,Buena,18.9,41.0,3.0,23.625,Buena
51,2019-03-11,2019,3,SE,22.0,57.0,3.0,27.5,Buena,17.0,39.0,2.0,21.25,Buena
52,2019-03-11,2019,3,SO,16.0,40.0,1.0,20.0,Buena,11.8,28.0,1.0,14.75,Buena
53,2019-03-12,2019,3,CE,47.0,95.0,19.0,59.647,Regular,21.5,38.0,1.0,26.875,Buena
54,2019-03-12,2019,3,NE,62.0,151.0,9.0,81.265,Regular,21.8,56.0,3.0,27.25,Buena
55,2019-03-12,2019,3,NO,49.0,111.0,3.0,62.528999999999996,Regular,23.9,46.0,5.0,29.875,Buena
56,2019-03-12,2019,3,SE,59.0,140.0,15.0,76.941,Regular,23.2,43.0,1.0,29.0,Buena
57,2019-03-12,2019,3,SO,34.0,60.0,7.0,42.5,Buena,18.6,37.0,5.0,23.25,Buena
58,2019-03-13,2019,3,CE,54.0,111.0,23.0,69.735,Regular,24.5,44.0,3.0,30.625,Buena
59,2019-03-13,2019,3,NE,65.0,118.0,31.0,85.588,Regular,25.4,60.0,5.0,31.75,Buena
60,2019-03-13,2019,3,NO,57.0,100.0,18.0,74.059,Regular,28.4,56.0,14.0,35.5,Buena
61,2019-03-13,2019,3,SE,56.0,98.0,19.0,72.618,Regular,22.2,42.0,1.0,27.75,Buena
62,2019-03-13,2019,3,SO,34.0,74.0,8.0,42.5,Buena,16.0,33.0,4.0,20.0,Buena
63,2019-03-14,2019,3,CE,58.0,96.0,38.0,75.5,Regular,27.5,51.0,15.0,34.375,Buena
64,2019-03-14,2019,3,NE,73.0,146.0,36.0,97.118,Regular,30.0,69.0,4.0,37.5,Buena
65,2019-03-14,2019,3,NO,69.0,121.0,17.0,91.353,Regular,32.2,50.0,7.0,40.25,Buena
66,2019-03-14,2019,3,SE,63.0,96.0,28.0,82.706,Regular,30.5,58.0,14.0,38.125,Buena
67,2019-03-14,2019,3,SO,44.0,72.0,21.0,55.324,Regular,23.5,47.0,11.0,29.375,Buena
68,2019-03-15,2019,3,CE,62.0,104.0,33.0,81.265,Regular,30.6,59.0,6.0,38.25,Buena
69,2019-03-15,2019,3,NE,69.0,139.0,26.0,91.353,Regular,30.0,64.0,3.0,37.5,Buena
70,2019-03-15,2019,3,NO,59.0,108.0,24.0,76.941,Regular,30.8,59.0,5.0,38.5,Buena
71,2019-03-15,2019,3,SE,66.0,115.0,29.0,87.029,Regular,28.6,60.0,4.0,35.75,Buena
72,2019-03-15,2019,3,SO,50.0,87.0,23.0,63.971000000000004,Regular,25.1,52.0,7.0,31.375,Buena
73,2019-03-16,2019,3,CE,51.0,96.0,29.0,65.41199999999999,Regular,23.7,62.0,5.0,29.625,Buena
74,2019-03-16,2019,3,NE,59.0,120.0,28.0,76.941,Regular,22.1,47.0,6.0,27.625,Buena
75,2019-03-16,2019,3,NO,54.0,114.0,10.0,69.735,Regular,26.0,53.0,11.0,32.5,Buena
76,2019-03-16,2019,3,SE,54.0,125.0,29.0,69.735,Regular,22.8,50.0,5.0,28.5,Buena
77,2019-03-16,2019,3,SO,42.0,84.0,17.0,52.441,Regular,20.5,51.0,8.0,25.625,Buena
78,2019-03-17,2019,3,CE,51.0,83.0,31.0,65.41199999999999,Regular,30.0,50.0,9.0,37.5,Buena
79,2019-03-17,2019,3,NE,57.0,109.0,20.0,74.059,Regular,29.5,52.0,2.0,36.875,Buena
80,2019-03-17,2019,3,NO,44.0,89.0,10.0,55.324,Regular,28.0,55.0,14.0,35.0,Buena
81,2019-03-17,2019,3,SE,58.0,109.0,36.0,75.5,Regular,31.1,53.0,18.0,38.875,Buena
82,2019-03-17,2019,3,SO,42.0,80.0,17.0,52.441,Regular,25.4,53.0,11.0,31.75,Buena
83,2019-03-18,2019,3,CE,39.0,59.0,23.0,48.75,Buena,21.4,40.0,5.0,26.75,Buena
84,2019-03-18,2019,3,NE,47.0,96.0,19.0,59.647,Regular,21.0,47.0,3.0,26.25,Buena
85,2019-03-18,2019,3,NO,41.0,82.0,7.0,51.0,Regular,24.4,44.0,5.0,30.5,Buena
86,2019-03-18,2019,3,SE,43.0,80.0,20.0,53.882,Regular,18.8,37.0,3.0,23.5,Buena
87,2019-03-18,2019,3,SO,32.0,56.0,15.0,40.0,Buena,17.3,43.0,4.0,21.625,Buena
88,2019-03-19,2019,3,CE,41.0,82.0,17.0,51.0,Regular,20.8,53.0,4.0,26.0,Buena
89,2019-03-19,2019,3,NE,56.0,152.0,18.0,72.618,Regular,22.2,59.0,5.0,27.75,Buena
90,2019-03-19,2019,3,NO,48.0,106.0,18.0,61.088,Regular,28.9,61.0,6.0,36.125,Buena
91,2019-03-19,2019,3,SE,42.0,77.0,25.0,52.441,Regular,18.1,33.0,5.0,22.625,Buena
92,2019-03-19,2019,3,SO,32.0,86.0,11.0,40.0,Buena,15.7,47.0,1.0,19.625,Buena
93,2019-03-20,2019,3,CE,49.0,91.0,22.0,62.528999999999996,Regular,23.7,50.0,4.0,29.625,Buena
94,2019-03-20,2019,3,NE,60.0,148.0,20.0,78.382,Regular,25.1,67.0,4.0,31.375,Buena
95,2019-03-20,2019,3,NO,52.0,120.0,12.0,66.85300000000001,Regular,23.7,43.0,7.0,29.625,Buena
96,2019-03-20,2019,3,SE,49.0,107.0,11.0,62.528999999999996,Regular,22.3,44.0,7.0,27.875,Buena
97,2019-03-20,2019,3,SO,30.0,74.0,5.0,37.5,Buena,14.1,34.0,2.0,17.625,Buena
98,2019-03-21,2019,3,CE,47.0,82.0,28.0,59.647,Regular,27.4,49.0,9.0,34.25,Buena
99,2019-03-21,2019,3,NE,50.0,121.0,24.0,63.971000000000004,Regular,23.2,63.0,2.0,29.0,Buena
100,2019-03-21,2019,3,NO,46.0,116.0,11.0,58.206,Regular,27.2,48.0,13.0,34.0,Buena
101,2019-03-21,2019,3,SE,46.0,99.0,16.0,58.206,Regular,23.7,39.0,10.0,29.625,Buena
102,2019-03-21,2019,3,SO,36.0,78.0,10.0,45.0,Buena,20.6,47.0,6.0,25.75,Buena
103,2019-03-22,2019,3,CE,40.0,78.0,20.0,50.0,Buena,18.6,41.0,2.0,23.25,Buena
104,2019-03-22,2019,3,NE,52.0,140.0,21.0,66.85300000000001,Regular,20.6,58.0,1.0,25.75,Buena
105,2019-03-22,2019,3,NO,45.0,102.0,12.0,56.765,Regular,22.1,42.0,9.0,27.625,Buena
106,2019-03-22,2019,3,SE,42.0,74.0,20.0,52.441,Regular,18.5,34.0,3.0,23.125,Buena
107,2019-03-22,2019,3,SO,28.0,63.0,11.0,35.0,Buena,13.4,25.0,4.0,16.75,Buena
108,2019-03-23,2019,3,CE,40.0,67.0,23.0,50.0,Buena,17.3,28.0,1.0,21.625,Buena
109,2019-03-23,2019,3,NE,51.0,158.0,23.0,65.41199999999999,Regular,22.3,47.0,2.0,27.875,Buena
110,2019-03-23,2019,3,NO,44.0,103.0,1.0,55.324,Regular,21.4,43.0,1.0,26.75,Buena
111,2019-03-23,2019,3,SE,43.0,113.0,10.0,53.882,Regular,20.0,42.0,3.0,25.0,Buena
112,2019-03-23,2019,3,SO,25.0,83.0,8.0,31.25,Buena,12.2,26.0,3.0,15.25,Buena
113,2019-03-24,2019,3,CE,39.0,85.0,22.0,48.75,Buena,20.5,41.0,7.0,25.625,Buena
114,2019-03-24,2019,3,NE,46.0,105.0,14.0,58.206,Regular,19.2,47.0,3.0,24.0,Buena
115,2019-03-24,2019,3,NO,41.0,107.0,3.0,51.0,Regular,21.7,38.0,4.0,27.125,Buena
116,2019-03-24,2019,3,SE,44.0,79.0,17.0,55.324,Regular,19.9,32.0,9.0,24.875,Buena
117,2019-03-24,2019,3,SO,32.0,60.0,7.0,40.0,Buena,17.5,40.0,4.0,21.875,Buena
118,2019-03-25,2019,3,CE,37.0,77.0,8.0,46.25,Buena,16.0,44.0,2.0,20.0,Buena
119,2019-03-25,2019,3,NE,53.0,127.0,15.0,68.294,Regular,16.7,49.0,1.0,20.875,Buena
120,2019-03-25,2019,3,NO,44.0,97.0,9.0,55.324,Regular,16.2,34.0,1.0,20.25,Buena
121,2019-03-25,2019,3,SE,51.0,111.0,19.0,65.41199999999999,Regular,17.9,38.0,6.0,22.375,Buena
122,2019-03-25,2019,3,SO,30.0,66.0,8.0,37.5,Buena,10.9,31.0,1.0,13.625,Buena
123,2019-03-26,2019,3,CE,38.0,74.0,12.0,47.5,Buena,14.1,36.0,3.0,17.625,Buena
124,2019-03-26,2019,3,NE,51.0,155.0,6.0,65.41199999999999,Regular,15.8,51.0,1.0,19.75,Buena
125,2019-03-26,2019,3,NO,44.0,111.0,1.0,55.324,Regular,12.3,26.0,1.0,15.375,Buena
126,2019-03-26,2019,3,SE,47.0,128.0,13.0,59.647,Regular,14.0,30.0,6.0,17.5,Buena
127,2019-03-26,2019,3,SO,30.0,87.0,3.0,37.5,Buena,8.5,25.0,1.0,10.625,Buena
128,2019-03-27,2019,3,CE,41.0,79.0,19.0,51.0,Regular,18.4,39.0,1.0,23.0,Buena
129,2019-03-27,2019,3,NE,49.0,125.0,13.0,62.528999999999996,Regular,18.8,52.0,2.0,23.5,Buena
130,2019-03-27,2019,3,NO,46.0,103.0,13.0,58.206,Regular,17.9,41.0,4.0,22.375,Buena
131,2019-03-27,2019,3,SE,39.0,75.0,21.0,48.75,Buena,17.5,46.0,3.0,21.875,Buena
132,2019-03-27,2019,3,SO,33.0,71.0,11.0,41.25,Buena,13.1,26.0,1.0,16.375,Buena
133,2019-03-28,2019,3,CE,42.0,100.0,18.0,52.441,Regular,20.7,57.0,2.0,25.875,Buena
134,2019-03-28,2019,3,NE,52.0,132.0,20.0,66.85300000000001,Regular,20.7,59.0,1.0,25.875,Buena
135,2019-03-28,2019,3,NO,47.0,122.0,8.0,59.647,Regular,22.2,60.0,2.0,27.75,Buena
136,2019-03-28,2019,3,SE,39.0,72.0,26.0,48.75,Buena,20.8,58.0,5.0,26.0,Buena
137,2019-03-28,2019,3,SO,34.0,59.0,8.0,42.5,Buena,16.4,36.0,1.0,20.5,Buena
138,2019-03-29,2019,3,CE,61.0,102.0,33.0,79.824,Regular,30.2,44.0,16.0,37.75,Buena
139,2019-03-29,2019,3,NE,72.0,155.0,29.0,95.676,Regular,33.3,65.0,6.0,41.625,Buena
140,2019-03-29,2019,3,NO,56.0,106.0,9.0,72.618,Regular,34.6,57.0,19.0,43.25,Buena
141,2019-03-29,2019,3,SE,68.0,98.0,35.0,89.912,Regular,35.2,58.0,11.0,44.0,Buena
142,2019-03-29,2019,3,SO,42.0,87.0,8.0,52.441,Regular,22.5,48.0,3.0,28.125,Buena
143,2019-03-30,2019,3,CE,66.0,101.0,40.0,87.029,Regular,34.2,52.0,18.0,42.75,Buena
144,2019-03-30,2019,3,NE,85.0,140.0,44.0,104.196,Mala,39.4,68.0,11.0,49.25,Buena
145,2019-03-30,2019,3,NO,66.0,107.0,28.0,87.029,Regular,36.1,59.0,14.0,45.125,Buena
146,2019-03-30,2019,3,SE,73.0,95.0,46.0,97.118,Regular,37.9,52.0,24.0,47.375,Buena
147,2019-03-30,2019,3,SO,55.0,81.0,27.0,71.176,Regular,30.0,48.0,16.0,37.5,Buena
148,2019-03-31,2019,3,CE,60.0,97.0,33.0,78.382,Regular,35.0,60.0,18.0,43.75,Buena
149,2019-03-31,2019,3,NE,72.0,126.0,31.0,95.676,Regular,36.4,61.0,18.0,45.5,Buena
150,2019-03-31,2019,3,NO,61.0,106.0,6.0,79.824,Regular,34.3,62.0,4.0,42.875,Buena
151,2019-03-31,2019,3,SE,64.0,89.0,41.0,84.147,Regular,38.2,62.0,17.0,47.75,Buena
152,2019-03-31,2019,3,SO,47.0,87.0,14.0,59.647,Regular,26.9,55.0,13.0,33.625,Buena
153,2019-04-01,2019,4,CE,59.0,100.0,31.0,76.941,Regular,31.8,54.0,7.0,39.75,Buena
154,2019-04-01,2019,4,NE,75.0,133.0,26.0,100.0,Regular,32.7,64.0,5.0,40.875,Buena
155,2019-04-01,2019,4,NO,70.0,119.0,33.0,92.794,Regular,34.3,51.0,22.0,42.875,Buena
156,2019-04-01,2019,4,SE,56.0,115.0,17.0,72.618,Regular,25.0,53.0,2.0,31.25,Buena
157,2019-04-01,2019,4,SO,48.0,87.0,18.0,61.088,Regular,23.9,48.0,4.0,29.875,Buena
158,2019-04-02,2019,4,CE,58.0,93.0,36.0,75.5,Regular,28.0,50.0,12.0,35.0,Buena
159,2019-04-02,2019,4,NE,72.0,163.0,38.0,95.676,Regular,29.5,63.0,7.0,36.875,Buena
160,2019-04-02,2019,4,NO,52.0,117.0,18.0,66.85300000000001,Regular,28.0,44.0,12.0,35.0,Buena
161,2019-04-02,2019,4,SE,57.0,91.0,9.0,74.059,Regular,23.9,42.0,9.0,29.875,Buena
162,2019-04-02,2019,4,SO,35.0,72.0,17.0,43.75,Buena,20.1,43.0,6.0,25.125,Buena
163,2019-04-03,2019,4,CE,46.0,94.0,12.0,58.206,Regular,20.0,45.0,2.0,25.0,Buena
164,2019-04-03,2019,4,NE,62.0,159.0,20.0,81.265,Regular,22.5,47.0,2.0,28.125,Buena
165,2019-04-03,2019,4,NO,51.0,105.0,1.0,65.41199999999999,Regular,18.8,47.0,3.0,23.5,Buena
166,2019-04-03,2019,4,SE,53.0,130.0,9.0,68.294,Regular,20.1,42.0,2.0,25.125,Buena
167,2019-04-03,2019,4,SO,28.0,65.0,4.0,35.0,Buena,14.2,34.0,1.0,17.75,Buena
168,2019-04-04,2019,4,CE,52.0,92.0,23.0,66.85300000000001,Regular,30.0,52.0,18.0,37.5,Buena
169,2019-04-04,2019,4,NE,66.0,134.0,35.0,87.029,Regular,33.8,64.0,12.0,42.25,Buena
170,2019-04-04,2019,4,NO,56.0,105.0,11.0,72.618,Regular,32.0,59.0,14.0,40.0,Buena
171,2019-04-04,2019,4,SE,75.0,136.0,35.0,100.0,Regular,42.5,67.0,24.0,53.162,Regular
172,2019-04-04,2019,4,SO,39.0,67.0,20.0,48.75,Buena,25.0,45.0,12.0,31.25,Buena
173,2019-04-05,2019,4,CE,62.0,102.0,34.0,81.265,Regular,39.2,58.0,23.0,49.0,Buena
174,2019-04-05,2019,4,NE,69.0,114.0,28.0,91.353,Regular,39.7,64.0,13.0,49.625,Buena
175,2019-04-05,2019,4,NO,62.0,118.0,14.0,81.265,Regular,39.7,60.0,17.0,49.625,Buena
176,2019-04-05,2019,4,SE,72.0,119.0,22.0,95.676,Regular,39.0,50.0,29.0,48.75,Buena
177,2019-04-05,2019,4,SO,56.0,88.0,35.0,72.618,Regular,37.6,54.0,23.0,47.0,Buena
178,2019-04-06,2019,4,CE,22.0,47.0,7.0,27.5,Buena,12.8,33.0,3.0,16.0,Buena
179,2019-04-06,2019,4,NE,24.0,68.0,2.0,30.0,Buena,11.6,35.0,1.0,14.5,Buena
180,2019-04-06,2019,4,SE,24.0,91.0,1.0,30.0,Buena,9.8,35.0,1.0,12.25,Buena
181,2019-04-06,2019,4,SO,14.0,30.0,5.0,17.5,Buena,7.9,21.0,1.0,9.875,Buena
182,2019-04-07,2019,4,CE,38.0,83.0,11.0,47.5,Buena,24.3,55.0,3.0,30.375,Buena
183,2019-04-07,2019,4,NE,48.0,144.0,12.0,61.088,Regular,22.6,48.0,5.0,28.25,Buena
184,2019-04-07,2019,4,NO,41.0,92.0,7.0,51.0,Regular,25.3,54.0,1.0,31.625,Buena
185,2019-04-07,2019,4,SE,39.0,69.0,22.0,48.75,Buena,24.4,47.0,2.0,30.5,Buena
186,2019-04-07,2019,4,SO,35.0,73.0,7.0,43.75,Buena,21.3,49.0,6.0,26.625,Buena
187,2019-04-08,2019,4,CE,26.0,65.0,4.0,32.5,Buena,18.5,41.0,3.0,23.125,Buena
188,2019-04-08,2019,4,NE,30.0,78.0,11.0,37.5,Buena,15.7,29.0,4.0,19.625,Buena
189,2019-04-08,2019,4,NO,31.0,87.0,2.0,38.75,Buena,23.8,47.0,5.0,29.75,Buena
190,2019-04-08,2019,4,SE,28.0,71.0,1.0,35.0,Buena,17.7,32.0,3.0,22.125,Buena
191,2019-04-08,2019,4,SO,27.0,55.0,9.0,33.75,Buena,20.2,43.0,9.0,25.25,Buena
192,2019-04-09,2019,4,CE,33.0,65.0,9.0,41.25,Buena,17.8,33.0,5.0,22.25,Buena
193,2019-04-09,2019,4,NE,48.0,132.0,7.0,61.088,Regular,19.2,38.0,1.0,24.0,Buena
194,2019-04-09,2019,4,SE,36.0,118.0,4.0,45.0,Buena,17.2,39.0,4.0,21.5,Buena
195,2019-04-09,2019,4,SO,26.0,54.0,8.0,32.5,Buena,16.2,27.0,4.0,20.25,Buena
196,2019-04-10,2019,4,CE,25.0,61.0,8.0,31.25,Buena,14.8,45.0,1.0,18.5,Buena
197,2019-04-10,2019,4,NE,30.0,61.0,6.0,37.5,Buena,11.1,36.0,2.0,13.875,Buena
198,2019-04-10,2019,4,NO,29.0,83.0,3.0,36.25,Buena,17.0,55.0,3.0,21.25,Buena
199,2019-04-10,2019,4,SE,26.0,85.0,5.0,32.5,Buena,15.0,47.0,2.0,18.75,Buena
200,2019-04-10,2019,4,SO,23.0,55.0,3.0,28.75,Buena,14.1,40.0,1.0,17.625,Buena
201,2019-04-11,2019,4,CE,40.0,81.0,15.0,50.0,Buena,28.5,57.0,10.0,35.625,Buena
202,2019-04-11,2019,4,NE,44.0,108.0,4.0,55.324,Regular,22.0,66.0,6.0,27.5,Buena
203,2019-04-11,2019,4,NO,34.0,98.0,3.0,42.5,Buena,24.5,50.0,1.0,30.625,Buena
204,2019-04-11,2019,4,SE,42.0,68.0,19.0,52.441,Regular,26.7,48.0,3.0,33.375,Buena
205,2019-04-11,2019,4,SO,32.0,71.0,8.0,40.0,Buena,20.6,49.0,3.0,25.75,Buena
206,2019-04-12,2019,4,CE,50.0,99.0,17.0,63.971000000000004,Regular,22.6,46.0,7.0,28.25,Buena
207,2019-04-12,2019,4,NE,70.0,155.0,16.0,92.794,Regular,22.3,58.0,2.0,27.875,Buena
208,2019-04-12,2019,4,NO,47.0,123.0,13.0,59.647,Regular,21.5,50.0,2.0,26.875,Buena
209,2019-04-12,2019,4,SE,60.0,98.0,22.0,78.382,Regular,25.2,62.0,3.0,31.5,Buena
210,2019-04-12,2019,4,SO,35.0,77.0,8.0,43.75,Buena,17.5,44.0,4.0,21.875,Buena
211,2019-04-13,2019,4,CE,45.0,94.0,12.0,56.765,Regular,20.0,36.0,8.0,25.0,Buena
212,2019-04-13,2019,4,NE,57.0,121.0,29.0,74.059,Regular,25.4,57.0,5.0,31.75,Buena
213,2019-04-13,2019,4,NO,46.0,122.0,9.0,58.206,Regular,21.5,37.0,7.0,26.875,Buena
214,2019-04-13,2019,4,SE,76.0,111.0,20.0,101.0,Mala,32.8,58.0,17.0,41.0,Buena
215,2019-04-13,2019,4,SO,37.0,74.0,9.0,46.25,Buena,16.9,49.0,1.0,21.125,Buena
216,2019-04-14,2019,4,CE,77.0,113.0,42.0,101.355,Mala,41.9,61.0,21.0,52.297,Regular
217,2019-04-14,2019,4,NE,82.0,149.0,32.0,103.13,Mala,42.6,67.0,17.0,53.306000000000004,Regular
218,2019-04-14,2019,4,NO,68.0,111.0,31.0,89.912,Regular,36.0,60.0,18.0,45.0,Buena
219,2019-04-14,2019,4,SO,60.0,87.0,29.0,78.382,Regular,34.4,54.0,15.0,43.0,Buena
220,2019-04-15,2019,4,CE,73.0,99.0,43.0,97.118,Regular,38.4,57.0,21.0,48.0,Buena
221,2019-04-15,2019,4,NE,84.0,161.0,45.0,103.84100000000001,Mala,40.4,60.0,20.0,0.0,Buena
222,2019-04-15,2019,4,NO,77.0,123.0,29.0,101.355,Mala,44.4,59.0,22.0,55.9,Regular
223,2019-04-15,2019,4,SE,86.0,134.0,39.0,104.551,Mala,42.3,68.0,24.0,52.873999999999995,Regular
224,2019-04-15,2019,4,SO,66.0,88.0,37.0,87.029,Regular,37.8,55.0,22.0,47.25,Buena
225,2019-04-16,2019,4,CE,63.0,94.0,35.0,82.706,Regular,36.2,53.0,21.0,45.25,Buena
226,2019-04-16,2019,4,NE,76.0,142.0,46.0,101.0,Mala,37.8,62.0,25.0,47.25,Buena
227,2019-04-16,2019,4,NO,69.0,119.0,31.0,91.353,Regular,37.5,57.0,13.0,46.875,Buena
228,2019-04-16,2019,4,SE,74.0,127.0,44.0,98.559,Regular,43.7,61.0,33.0,54.891000000000005,Regular
229,2019-04-16,2019,4,SO,55.0,89.0,33.0,71.176,Regular,34.7,51.0,20.0,43.375,Buena
230,2019-04-17,2019,4,CE,62.0,99.0,26.0,81.265,Regular,32.5,49.0,15.0,40.625,Buena
231,2019-04-17,2019,4,NE,78.0,142.0,27.0,101.71,Mala,39.9,65.0,23.0,49.875,Buena
232,2019-04-17,2019,4,NO,57.0,101.0,21.0,74.059,Regular,31.3,55.0,3.0,39.125,Buena
233,2019-04-17,2019,4,SE,80.0,120.0,55.0,102.42,Mala,45.3,59.0,27.0,57.196999999999996,Regular
234,2019-04-17,2019,4,SO,45.0,77.0,17.0,56.765,Regular,27.6,44.0,5.0,34.5,Buena
235,2019-04-18,2019,4,CE,48.0,106.0,14.0,61.088,Regular,22.5,42.0,5.0,28.125,Buena
236,2019-04-18,2019,4,NE,61.0,130.0,7.0,79.824,Regular,30.8,60.0,6.0,38.5,Buena
237,2019-04-18,2019,4,NO,45.0,108.0,7.0,56.765,Regular,23.5,54.0,6.0,29.375,Buena
238,2019-04-18,2019,4,SO,38.0,82.0,10.0,47.5,Buena,20.9,46.0,1.0,26.125,Buena
239,2019-04-19,2019,4,CE,45.0,76.0,20.0,56.765,Regular,18.8,42.0,2.0,23.5,Buena
240,2019-04-19,2019,4,NE,43.0,84.0,7.0,53.882,Regular,19.5,60.0,2.0,24.375,Buena
241,2019-04-19,2019,4,NO,41.0,72.0,16.0,51.0,Regular,17.6,31.0,3.0,22.0,Buena
242,2019-04-19,2019,4,SE,56.0,84.0,6.0,72.618,Regular,23.0,59.0,1.0,28.75,Buena
243,2019-04-19,2019,4,SO,46.0,81.0,21.0,58.206,Regular,20.2,45.0,3.0,25.25,Buena
244,2019-04-20,2019,4,CE,39.0,75.0,16.0,48.75,Buena,18.3,36.0,4.0,22.875,Buena
245,2019-04-20,2019,4,NE,46.0,105.0,4.0,58.206,Regular,19.5,56.0,4.0,24.375,Buena
246,2019-04-20,2019,4,NO,39.0,72.0,13.0,48.75,Buena,17.5,32.0,7.0,21.875,Buena
247,2019-04-20,2019,4,SE,54.0,139.0,7.0,69.735,Regular,21.9,58.0,8.0,27.375,Buena
248,2019-04-20,2019,4,SO,43.0,78.0,18.0,53.882,Regular,18.2,35.0,7.0,22.75,Buena
249,2019-04-21,2019,4,CE,51.0,82.0,25.0,65.41199999999999,Regular,24.9,43.0,6.0,31.125,Buena
250,2019-04-21,2019,4,NE,58.0,117.0,26.0,75.5,Regular,27.4,57.0,12.0,34.25,Buena
251,2019-04-21,2019,4,NO,47.0,117.0,10.0,59.647,Regular,24.3,37.0,12.0,30.375,Buena
252,2019-04-21,2019,4,SE,72.0,127.0,39.0,95.676,Regular,27.0,42.0,6.0,33.75,Buena
253,2019-04-21,2019,4,SO,39.0,72.0,21.0,48.75,Buena,20.2,42.0,6.0,25.25,Buena
254,2019-04-22,2019,4,CE,58.0,109.0,31.0,75.5,Regular,30.8,56.0,9.0,38.5,Buena
255,2019-04-22,2019,4,NE,68.0,163.0,30.0,89.912,Regular,37.5,68.0,16.0,46.875,Buena
256,2019-04-22,2019,4,NO,56.0,107.0,30.0,72.618,Regular,32.5,45.0,21.0,40.625,Buena
257,2019-04-22,2019,4,SE,74.0,136.0,16.0,98.559,Regular,40.2,60.0,26.0,0.0,Buena
258,2019-04-22,2019,4,SO,48.0,81.0,18.0,61.088,Regular,27.1,44.0,11.0,33.875,Buena
259,2019-04-23,2019,4,CE,66.0,101.0,32.0,87.029,Regular,35.1,60.0,10.0,43.875,Buena
260,2019-04-23,2019,4,NE,76.0,157.0,23.0,101.0,Mala,36.7,65.0,14.0,45.875,Buena
261,2019-04-23,2019,4,NO,67.0,116.0,29.0,88.471,Regular,34.6,56.0,20.0,43.25,Buena
262,2019-04-23,2019,4,SE,75.0,119.0,33.0,100.0,Regular,40.6,59.0,25.0,0.0,Buena
263,2019-04-23,2019,4,SO,48.0,84.0,23.0,61.088,Regular,27.9,51.0,11.0,34.875,Buena
264,2019-04-24,2019,4,CE,68.0,108.0,26.0,89.912,Regular,36.4,62.0,13.0,45.5,Buena
265,2019-04-24,2019,4,NE,74.0,115.0,28.0,98.559,Regular,37.7,58.0,23.0,47.125,Buena
266,2019-04-24,2019,4,NO,62.0,116.0,31.0,81.265,Regular,37.0,59.0,12.0,46.25,Buena
267,2019-04-24,2019,4,SE,78.0,131.0,38.0,101.71,Mala,42.4,62.0,33.0,53.018,Regular
268,2019-04-24,2019,4,SO,51.0,86.0,26.0,65.41199999999999,Regular,31.4,55.0,16.0,39.25,Buena
269,2019-04-25,2019,4,CE,65.0,104.0,36.0,85.588,Regular,38.1,59.0,23.0,47.625,Buena
270,2019-04-25,2019,4,NE,74.0,126.0,20.0,98.559,Regular,42.0,65.0,15.0,52.441,Regular
271,2019-04-25,2019,4,NO,68.0,108.0,28.0,89.912,Regular,41.2,62.0,28.0,51.288000000000004,Regular
272,2019-04-25,2019,4,SE,79.0,125.0,10.0,102.065,Mala,44.9,56.0,23.0,56.621,Regular
273,2019-04-25,2019,4,SO,52.0,89.0,9.0,66.85300000000001,Regular,31.0,52.0,7.0,38.75,Buena
274,2019-04-26,2019,4,CE,62.0,93.0,30.0,81.265,Regular,35.8,52.0,6.0,44.75,Buena
275,2019-04-26,2019,4,NE,64.0,116.0,31.0,84.147,Regular,34.8,57.0,19.0,43.5,Buena
276,2019-04-26,2019,4,NO,64.0,110.0,18.0,84.147,Regular,37.0,53.0,18.0,46.25,Buena
277,2019-04-26,2019,4,SE,70.0,102.0,10.0,92.794,Regular,42.8,63.0,26.0,53.593999999999994,Regular
278,2019-04-26,2019,4,SO,55.0,86.0,24.0,71.176,Regular,33.8,54.0,15.0,42.25,Buena
279,2019-04-27,2019,4,CE,64.0,101.0,29.0,84.147,Regular,39.3,62.0,17.0,49.125,Buena
280,2019-04-27,2019,4,NE,73.0,114.0,40.0,97.118,Regular,39.5,64.0,20.0,49.375,Buena
281,2019-04-27,2019,4,NO,65.0,124.0,22.0,85.588,Regular,37.6,62.0,19.0,47.0,Buena
282,2019-04-27,2019,4,SE,83.0,140.0,44.0,103.486,Mala,41.0,70.0,23.0,51.0,Regular
283,2019-04-27,2019,4,SO,55.0,86.0,31.0,71.176,Regular,34.9,54.0,15.0,43.625,Buena
284,2019-04-28,2019,4,CE,64.0,95.0,37.0,84.147,Regular,40.8,64.0,27.0,0.0,Buena
285,2019-04-28,2019,4,NE,62.0,101.0,25.0,81.265,Regular,40.0,59.0,19.0,50.0,Buena
286,2019-04-28,2019,4,NO,64.0,109.0,27.0,84.147,Regular,43.4,60.0,21.0,54.458999999999996,Regular
287,2019-04-28,2019,4,SE,79.0,129.0,25.0,102.065,Mala,44.3,60.0,27.0,55.756,Regular
288,2019-04-28,2019,4,SO,52.0,80.0,32.0,66.85300000000001,Regular,36.1,53.0,22.0,45.125,Buena
289,2019-04-29,2019,4,CE,61.0,95.0,23.0,79.824,Regular,41.8,60.0,28.0,52.153,Regular
290,2019-04-29,2019,4,NE,65.0,110.0,24.0,85.588,Regular,39.3,65.0,16.0,49.125,Buena
291,2019-04-29,2019,4,NO,60.0,123.0,4.0,78.382,Regular,40.5,62.0,28.0,0.0,Buena
292,2019-04-29,2019,4,SO,52.0,86.0,24.0,66.85300000000001,Regular,35.3,55.0,17.0,44.125,Buena
293,2019-04-30,2019,4,CE,48.0,96.0,7.0,61.088,Regular,31.5,57.0,5.0,39.375,Buena
294,2019-04-30,2019,4,NE,48.0,96.0,7.0,61.088,Regular,30.5,57.0,6.0,38.125,Buena
295,2019-04-30,2019,4,NO,48.0,125.0,1.0,61.088,Regular,34.6,58.0,5.0,43.25,Buena
296,2019-04-30,2019,4,SO,37.0,76.0,6.0,46.25,Buena,22.8,45.0,4.0,28.5,Buena
297,2019-05-01,2019,5,CE,73.0,114.0,45.0,97.118,Regular,37.8,61.0,15.0,47.25,Buena
298,2019-05-01,2019,5,NE,74.0,160.0,22.0,98.559,Regular,37.8,71.0,14.0,47.25,Buena
299,2019-05-01,2019,5,NO,61.0,112.0,22.0,79.824,Regular,33.5,60.0,11.0,41.875,Buena
300,2019-05-01,2019,5,SE,70.0,98.0,24.0,92.794,Regular,35.6,59.0,16.0,44.5,Buena
301,2019-05-01,2019,5,SO,51.0,76.0,28.0,65.41199999999999,Regular,28.7,46.0,3.0,35.875,Buena
302,2019-05-02,2019,5,CE,66.0,105.0,36.0,87.029,Regular,31.2,52.0,5.0,39.0,Buena
303,2019-05-02,2019,5,NE,76.0,153.0,14.0,101.0,Mala,34.4,65.0,12.0,43.0,Buena
304,2019-05-02,2019,5,NO,56.0,108.0,15.0,72.618,Regular,25.5,44.0,12.0,31.875,Buena
305,2019-05-02,2019,5,SE,75.0,136.0,46.0,100.0,Regular,34.1,54.0,15.0,42.625,Buena
306,2019-05-02,2019,5,SO,40.0,78.0,21.0,50.0,Buena,23.1,44.0,11.0,28.875,Buena
307,2019-05-03,2019,5,CE,45.0,94.0,11.0,56.765,Regular,24.0,44.0,7.0,30.0,Buena
308,2019-05-03,2019,5,NE,60.0,161.0,16.0,78.382,Regular,24.1,61.0,4.0,30.125,Buena
309,2019-05-03,2019,5,NO,43.0,115.0,4.0,53.882,Regular,20.0,44.0,5.0,25.0,Buena
310,2019-05-03,2019,5,SE,52.0,138.0,7.0,66.85300000000001,Regular,22.5,39.0,5.0,28.125,Buena
311,2019-05-03,2019,5,SO,26.0,58.0,7.0,32.5,Buena,14.1,33.0,3.0,17.625,Buena
312,2019-05-04,2019,5,CE,56.0,96.0,33.0,72.618,Regular,31.0,50.0,18.0,38.75,Buena
313,2019-05-04,2019,5,NE,68.0,158.0,37.0,89.912,Regular,36.7,65.0,16.0,45.875,Buena
314,2019-05-04,2019,5,NO,57.0,118.0,21.0,74.059,Regular,35.3,53.0,26.0,44.125,Buena
315,2019-05-04,2019,5,SE,67.0,124.0,35.0,88.471,Regular,38.2,56.0,24.0,47.75,Buena
316,2019-05-04,2019,5,SO,45.0,69.0,14.0,56.765,Regular,27.1,44.0,6.0,33.875,Buena
317,2019-05-05,2019,5,CE,53.0,75.0,26.0,68.294,Regular,35.4,54.0,18.0,44.25,Buena
318,2019-05-05,2019,5,NE,62.0,105.0,39.0,81.265,Regular,39.9,63.0,15.0,49.875,Buena
319,2019-05-05,2019,5,NO,58.0,106.0,17.0,75.5,Regular,36.7,59.0,12.0,45.875,Buena
320,2019-05-05,2019,5,SE,63.0,121.0,3.0,82.706,Regular,41.6,63.0,21.0,51.865,Regular
321,2019-05-05,2019,5,SO,50.0,84.0,12.0,63.971000000000004,Regular,35.6,50.0,9.0,44.5,Buena
322,2019-05-06,2019,5,CE,18.0,44.0,3.0,22.5,Buena,11.5,29.0,1.0,14.375,Buena
323,2019-05-06,2019,5,NE,26.0,76.0,2.0,32.5,Buena,11.1,30.0,1.0,13.875,Buena
324,2019-05-06,2019,5,SO,16.0,27.0,5.0,20.0,Buena,8.4,18.0,1.0,10.5,Buena
325,2019-05-07,2019,5,CE,41.0,112.0,6.0,51.0,Regular,22.8,61.0,5.0,28.5,Buena
326,2019-05-07,2019,5,NE,56.0,113.0,22.0,72.618,Regular,21.4,50.0,1.0,26.75,Buena
327,2019-05-07,2019,5,SE,39.0,78.0,17.0,48.75,Buena,21.0,39.0,5.0,26.25,Buena
328,2019-05-07,2019,5,SO,37.0,83.0,9.0,46.25,Buena,19.5,52.0,2.0,24.375,Buena
329,2019-05-08,2019,5,CE,23.0,50.0,10.0,28.75,Buena,15.5,36.0,7.0,19.375,Buena
330,2019-05-08,2019,5,NE,34.0,96.0,12.0,42.5,Buena,15.8,40.0,4.0,19.75,Buena
331,2019-05-08,2019,5,SE,19.0,30.0,4.0,23.75,Buena,11.9,23.0,2.0,14.875,Buena
332,2019-05-08,2019,5,SO,21.0,41.0,3.0,26.25,Buena,14.4,27.0,4.0,18.0,Buena
333,2019-05-09,2019,5,CE,30.0,62.0,5.0,37.5,Buena,17.1,43.0,1.0,21.375,Buena
334,2019-05-09,2019,5,NE,38.0,93.0,8.0,47.5,Buena,17.2,40.0,1.0,21.5,Buena
335,2019-05-09,2019,5,NO,37.0,95.0,2.0,46.25,Buena,25.8,51.0,4.0,32.25,Buena
336,2019-05-09,2019,5,SE,34.0,87.0,4.0,42.5,Buena,16.8,45.0,2.0,21.0,Buena
337,2019-05-09,2019,5,SO,31.0,84.0,12.0,38.75,Buena,19.4,41.0,8.0,24.25,Buena
338,2019-05-10,2019,5,CE,27.0,55.0,10.0,33.75,Buena,15.9,35.0,3.0,19.875,Buena
339,2019-05-10,2019,5,NE,33.0,84.0,8.0,41.25,Buena,14.1,46.0,1.0,17.625,Buena
340,2019-05-10,2019,5,NO,31.0,84.0,8.0,38.75,Buena,21.7,59.0,3.0,27.125,Buena
341,2019-05-10,2019,5,SE,27.0,67.0,4.0,33.75,Buena,17.1,51.0,3.0,21.375,Buena
342,2019-05-10,2019,5,SO,25.0,47.0,10.0,31.25,Buena,15.5,32.0,2.0,19.375,Buena
343,2019-05-11,2019,5,CE,40.0,77.0,6.0,50.0,Buena,23.4,43.0,9.0,29.25,Buena
344,2019-05-11,2019,5,NE,46.0,149.0,10.0,58.206,Regular,20.7,60.0,1.0,25.875,Buena
345,2019-05-11,2019,5,NO,32.0,93.0,1.0,40.0,Buena,24.3,53.0,5.0,30.375,Buena
346,2019-05-11,2019,5,SE,37.0,104.0,7.0,46.25,Buena,26.7,49.0,10.0,33.375,Buena
347,2019-05-11,2019,5,SO,25.0,75.0,1.0,31.25,Buena,16.4,47.0,4.0,20.5,Buena
348,2019-05-12,2019,5,CE,60.0,100.0,21.0,78.382,Regular,27.9,58.0,9.0,34.875,Buena
349,2019-05-12,2019,5,NE,76.0,135.0,12.0,101.0,Mala,26.8,54.0,9.0,33.5,Buena
350,2019-05-12,2019,5,NO,53.0,116.0,6.0,68.294,Regular,24.5,58.0,3.0,30.625,Buena
351,2019-05-12,2019,5,SE,63.0,135.0,7.0,82.706,Regular,31.0,60.0,7.0,38.75,Buena
352,2019-05-12,2019,5,SO,37.0,71.0,5.0,46.25,Buena,18.9,47.0,2.0,23.625,Buena
353,2019-05-14,2019,5,NE,113.0,153.0,81.0,114.13799999999999,Mala,52.6,64.0,41.0,67.718,Regular
354,2019-05-14,2019,5,NO,73.0,121.0,27.0,97.118,Regular,36.6,60.0,17.0,45.75,Buena
355,2019-05-15,2019,5,NE,93.0,161.0,56.0,107.036,Mala,54.1,70.0,39.0,69.87899999999999,Regular
356,2019-05-15,2019,5,NO,78.0,122.0,32.0,101.71,Mala,45.9,61.0,18.0,58.062,Regular
357,2019-05-16,2019,5,NO,71.0,120.0,34.0,94.235,Regular,48.3,60.0,38.0,61.521,Regular
358,2019-05-17,2019,5,CE,50.0,90.0,12.0,63.971000000000004,Regular,31.9,54.0,2.0,39.875,Buena
359,2019-05-17,2019,5,NE,57.0,117.0,24.0,74.059,Regular,34.8,67.0,10.0,43.5,Buena
360,2019-05-17,2019,5,NO,55.0,96.0,7.0,71.176,Regular,40.3,61.0,21.0,0.0,Buena
361,2019-05-17,2019,5,SE,40.0,84.0,13.0,50.0,Buena,33.3,55.0,1.0,41.625,Buena
362,2019-05-17,2019,5,SO,46.0,72.0,13.0,58.206,Regular,33.1,58.0,4.0,41.375,Buena
363,2019-05-18,2019,5,CE,46.0,78.0,8.0,58.206,Regular,26.8,54.0,4.0,33.5,Buena
364,2019-05-18,2019,5,NE,67.0,148.0,29.0,88.471,Regular,33.6,65.0,12.0,42.0,Buena
365,2019-05-18,2019,5,NO,49.0,95.0,5.0,62.528999999999996,Regular,30.6,58.0,4.0,38.25,Buena
366,2019-05-18,2019,5,SE,53.0,115.0,2.0,68.294,Regular,30.0,49.0,9.0,37.5,Buena
367,2019-05-18,2019,5,SO,38.0,66.0,8.0,47.5,Buena,25.3,56.0,4.0,31.625,Buena
368,2019-05-19,2019,5,CE,43.0,74.0,12.0,53.882,Regular,25.9,47.0,1.0,32.375,Buena
369,2019-05-19,2019,5,NE,51.0,85.0,23.0,65.41199999999999,Regular,27.1,59.0,6.0,33.875,Buena
370,2019-05-19,2019,5,NO,47.0,105.0,8.0,59.647,Regular,27.9,49.0,7.0,34.875,Buena
371,2019-05-19,2019,5,SE,49.0,105.0,17.0,62.528999999999996,Regular,27.0,48.0,6.0,33.75,Buena
372,2019-05-19,2019,5,SO,39.0,70.0,12.0,48.75,Buena,27.8,58.0,11.0,34.75,Buena
373,2019-05-20,2019,5,CE,48.0,85.0,16.0,61.088,Regular,29.2,58.0,6.0,36.5,Buena
374,2019-05-20,2019,5,NE,58.0,101.0,31.0,75.5,Regular,30.6,66.0,6.0,38.25,Buena
375,2019-05-20,2019,5,NO,55.0,121.0,19.0,71.176,Regular,30.4,51.0,8.0,38.0,Buena
376,2019-05-20,2019,5,SE,57.0,133.0,16.0,74.059,Regular,29.4,48.0,4.0,36.75,Buena
377,2019-05-20,2019,5,SO,49.0,82.0,26.0,62.528999999999996,Regular,31.7,60.0,11.0,39.625,Buena
378,2019-05-21,2019,5,CE,61.0,109.0,16.0,79.824,Regular,29.3,49.0,2.0,36.625,Buena
379,2019-05-21,2019,5,NE,68.0,141.0,16.0,89.912,Regular,32.1,52.0,10.0,40.125,Buena
380,2019-05-21,2019,5,NO,55.0,124.0,2.0,71.176,Regular,30.8,52.0,6.0,38.5,Buena
381,2019-05-21,2019,5,SE,60.0,97.0,14.0,78.382,Regular,36.5,57.0,9.0,45.625,Buena
382,2019-05-21,2019,5,SO,51.0,71.0,11.0,65.41199999999999,Regular,34.4,53.0,4.0,43.0,Buena
383,2019-05-22,2019,5,CE,46.0,98.0,17.0,58.206,Regular,27.0,47.0,12.0,33.75,Buena
384,2019-05-22,2019,5,NE,58.0,161.0,14.0,75.5,Regular,26.9,52.0,6.0,33.625,Buena
385,2019-05-22,2019,5,NO,54.0,109.0,3.0,69.735,Regular,28.6,58.0,4.0,35.75,Buena
386,2019-05-22,2019,5,SE,46.0,93.0,18.0,58.206,Regular,27.0,58.0,1.0,33.75,Buena
387,2019-05-22,2019,5,SO,36.0,58.0,15.0,45.0,Buena,20.7,40.0,3.0,25.875,Buena
388,2019-05-23,2019,5,CE,53.0,89.0,22.0,68.294,Regular,29.4,45.0,8.0,36.75,Buena
389,2019-05-23,2019,5,NE,65.0,149.0,21.0,85.588,Regular,32.1,53.0,10.0,40.125,Buena
390,2019-05-23,2019,5,NO,60.0,124.0,10.0,78.382,Regular,29.4,42.0,1.0,36.75,Buena
391,2019-05-23,2019,5,SE,60.0,135.0,2.0,78.382,Regular,33.0,58.0,3.0,41.25,Buena
392,2019-05-23,2019,5,SO,52.0,78.0,29.0,66.85300000000001,Regular,32.0,55.0,17.0,40.0,Buena
393,2019-05-24,2019,5,CE,49.0,81.0,16.0,62.528999999999996,Regular,31.8,58.0,14.0,39.75,Buena
394,2019-05-24,2019,5,NE,55.0,127.0,21.0,71.176,Regular,27.7,48.0,13.0,34.625,Buena
395,2019-05-24,2019,5,NO,53.0,121.0,9.0,68.294,Regular,32.9,60.0,2.0,41.125,Buena
396,2019-05-24,2019,5,SE,49.0,119.0,7.0,62.528999999999996,Regular,30.8,59.0,2.0,38.5,Buena
397,2019-05-24,2019,5,SO,48.0,79.0,15.0,61.088,Regular,31.4,53.0,11.0,39.25,Buena
398,2019-05-25,2019,5,CE,51.0,88.0,18.0,65.41199999999999,Regular,32.3,63.0,5.0,40.375,Buena
399,2019-05-25,2019,5,NE,54.0,103.0,20.0,69.735,Regular,26.9,63.0,2.0,33.625,Buena
400,2019-05-25,2019,5,NO,48.0,123.0,23.0,61.088,Regular,33.6,57.0,15.0,42.0,Buena
401,2019-05-25,2019,5,SE,52.0,97.0,1.0,66.85300000000001,Regular,29.6,59.0,6.0,37.0,Buena
402,2019-05-25,2019,5,SO,41.0,66.0,24.0,51.0,Regular,26.1,47.0,5.0,32.625,Buena
403,2019-05-26,2019,5,CE,37.0,66.0,21.0,46.25,Buena,22.0,47.0,7.0,27.5,Buena
404,2019-05-26,2019,5,NE,38.0,84.0,9.0,47.5,Buena,17.6,43.0,1.0,22.0,Buena
405,2019-05-26,2019,5,NO,38.0,87.0,4.0,47.5,Buena,21.4,57.0,5.0,26.75,Buena
406,2019-05-26,2019,5,SE,40.0,94.0,7.0,50.0,Buena,21.0,42.0,5.0,26.25,Buena
407,2019-05-26,2019,5,SO,31.0,48.0,17.0,38.75,Buena,16.7,30.0,1.0,20.875,Buena
408,2019-05-27,2019,5,CE,44.0,69.0,17.0,55.324,Regular,25.1,43.0,13.0,31.375,Buena
409,2019-05-27,2019,5,NE,53.0,102.0,16.0,68.294,Regular,24.2,50.0,6.0,30.25,Buena
410,2019-05-27,2019,5,NO,49.0,98.0,1.0,62.528999999999996,Regular,26.7,56.0,1.0,33.375,Buena
411,2019-05-27,2019,5,SE,47.0,97.0,18.0,59.647,Regular,22.7,45.0,2.0,28.375,Buena
412,2019-05-27,2019,5,SO,43.0,73.0,32.0,53.882,Regular,23.7,44.0,13.0,29.625,Buena
413,2019-05-28,2019,5,CE,55.0,87.0,25.0,71.176,Regular,37.0,57.0,25.0,46.25,Buena
414,2019-05-28,2019,5,NE,66.0,122.0,14.0,87.029,Regular,32.1,60.0,8.0,40.125,Buena
415,2019-05-28,2019,5,NO,58.0,103.0,14.0,75.5,Regular,31.9,61.0,9.0,39.875,Buena
416,2019-05-28,2019,5,SE,70.0,131.0,12.0,92.794,Regular,32.6,58.0,15.0,40.75,Buena
417,2019-05-28,2019,5,SO,52.0,71.0,39.0,66.85300000000001,Regular,29.6,45.0,18.0,37.0,Buena
418,2019-05-29,2019,5,CE,53.0,89.0,33.0,68.294,Regular,31.7,48.0,11.0,39.625,Buena
419,2019-05-29,2019,5,NE,67.0,158.0,17.0,88.471,Regular,30.6,59.0,9.0,38.25,Buena
420,2019-05-29,2019,5,NO,57.0,107.0,11.0,74.059,Regular,30.1,46.0,2.0,37.625,Buena
421,2019-05-29,2019,5,SE,58.0,129.0,11.0,75.5,Regular,28.4,56.0,4.0,35.5,Buena
422,2019-05-29,2019,5,SO,53.0,78.0,44.0,68.294,Regular,30.2,42.0,19.0,37.75,Buena
423,2019-05-30,2019,5,CE,53.0,97.0,21.0,68.294,Regular,29.8,60.0,9.0,37.25,Buena
424,2019-05-30,2019,5,NE,69.0,136.0,17.0,91.353,Regular,28.5,57.0,6.0,35.625,Buena
425,2019-05-30,2019,5,NO,58.0,115.0,15.0,75.5,Regular,31.2,57.0,2.0,39.0,Buena
426,2019-05-30,2019,5,SE,54.0,91.0,25.0,69.735,Regular,25.8,52.0,5.0,32.25,Buena
427,2019-05-30,2019,5,SO,48.0,70.0,27.0,61.088,Regular,26.3,38.0,14.0,32.875,Buena
428,2019-05-31,2019,5,CE,39.0,76.0,23.0,48.75,Buena,20.6,45.0,3.0,25.75,Buena
429,2019-05-31,2019,5,NE,40.0,111.0,1.0,50.0,Buena,19.4,53.0,4.0,24.25,Buena
430,2019-05-31,2019,5,NO,39.0,95.0,4.0,48.75,Buena,19.6,48.0,3.0,24.5,Buena
431,2019-05-31,2019,5,SE,43.0,136.0,8.0,53.882,Regular,23.3,52.0,9.0,29.125,Buena
432,2019-05-31,2019,5,SO,36.0,51.0,16.0,45.0,Buena,20.1,32.0,6.0,25.125,Buena
433,2020-03-01,2020,3,CE,30.0,75.0,6.0,37.5,Buena,9.2,34.0,1.0,11.5,Buena
434,2020-03-01,2020,3,NE,55.0,139.0,17.0,71.176,Regular,11.9,30.0,1.0,14.875,Buena
435,2020-03-01,2020,3,NO,39.0,117.0,1.0,48.75,Buena,15.2,31.0,4.0,19.0,Buena
436,2020-03-01,2020,3,SO,24.0,59.0,4.0,30.0,Buena,9.2,26.0,1.0,11.5,Buena
437,2020-03-02,2020,3,CE,33.0,75.0,10.0,41.25,Buena,10.3,26.0,1.0,12.875,Buena
438,2020-03-02,2020,3,NE,43.0,134.0,5.0,53.882,Regular,12.5,40.0,2.0,15.625,Buena
439,2020-03-02,2020,3,NO,34.0,100.0,3.0,42.5,Buena,11.6,27.0,2.0,14.5,Buena
440,2020-03-02,2020,3,SE,36.0,133.0,11.0,45.0,Buena,10.7,40.0,3.0,13.375,Buena
441,2020-03-02,2020,3,SO,18.0,40.0,4.0,22.5,Buena,7.6,27.0,1.0,9.5,Buena
442,2020-03-03,2020,3,CE,38.0,103.0,19.0,47.5,Buena,14.7,44.0,3.0,18.375,Buena
443,2020-03-03,2020,3,NE,48.0,109.0,18.0,61.088,Regular,17.2,42.0,1.0,21.5,Buena
444,2020-03-03,2020,3,NO,44.0,120.0,6.0,55.324,Regular,16.7,32.0,3.0,20.875,Buena
445,2020-03-03,2020,3,SE,41.0,101.0,16.0,51.0,Regular,14.8,30.0,5.0,18.5,Buena
446,2020-03-03,2020,3,SO,26.0,87.0,9.0,32.5,Buena,11.3,30.0,1.0,14.125,Buena
447,2020-03-04,2020,3,CE,36.0,87.0,4.0,45.0,Buena,20.9,37.0,5.0,26.125,Buena
448,2020-03-04,2020,3,NE,42.0,106.0,7.0,52.441,Regular,23.1,51.0,7.0,28.875,Buena
449,2020-03-04,2020,3,NO,39.0,114.0,2.0,48.75,Buena,21.1,37.0,3.0,26.375,Buena
450,2020-03-04,2020,3,SE,43.0,121.0,7.0,53.882,Regular,22.6,45.0,1.0,28.25,Buena
451,2020-03-04,2020,3,SO,30.0,85.0,6.0,37.5,Buena,18.0,39.0,3.0,22.5,Buena
452,2020-03-05,2020,3,CE,29.0,68.0,8.0,36.25,Buena,17.1,30.0,1.0,21.375,Buena
453,2020-03-05,2020,3,NE,37.0,88.0,4.0,46.25,Buena,17.2,54.0,1.0,21.5,Buena
454,2020-03-05,2020,3,NO,28.0,123.0,2.0,35.0,Buena,15.0,41.0,1.0,18.75,Buena
455,2020-03-05,2020,3,SE,34.0,75.0,14.0,42.5,Buena,18.0,43.0,4.0,22.5,Buena
456,2020-03-05,2020,3,SO,24.0,75.0,7.0,30.0,Buena,14.9,39.0,2.0,18.625,Buena
457,2020-03-06,2020,3,CE,18.0,49.0,1.0,22.5,Buena,11.7,28.0,1.0,14.625,Buena
458,2020-03-06,2020,3,NE,22.0,58.0,1.0,27.5,Buena,6.7,29.0,1.0,8.375,Buena
459,2020-03-06,2020,3,NO,17.0,51.0,1.0,21.25,Buena,10.2,28.0,1.0,12.75,Buena
460,2020-03-06,2020,3,SE,16.0,26.0,10.0,20.0,Buena,6.0,13.0,1.0,7.5,Buena
461,2020-03-06,2020,3,SO,16.0,65.0,3.0,20.0,Buena,7.4,18.0,1.0,9.25,Buena
462,2020-03-07,2020,3,CE,29.0,62.0,11.0,36.25,Buena,13.4,39.0,1.0,16.75,Buena
463,2020-03-07,2020,3,NE,43.0,94.0,9.0,53.882,Regular,15.7,40.0,2.0,19.625,Buena
464,2020-03-07,2020,3,NO,39.0,95.0,6.0,48.75,Buena,16.9,46.0,1.0,21.125,Buena
465,2020-03-07,2020,3,SO,29.0,62.0,14.0,36.25,Buena,12.8,26.0,5.0,16.0,Buena
466,2020-03-08,2020,3,CE,23.0,49.0,5.0,28.75,Buena,18.0,36.0,3.0,22.5,Buena
467,2020-03-08,2020,3,NE,29.0,93.0,4.0,36.25,Buena,15.4,37.0,3.0,19.25,Buena
468,2020-03-08,2020,3,SO,19.0,39.0,2.0,23.75,Buena,14.5,32.0,1.0,18.125,Buena
469,2020-03-09,2020,3,CE,31.0,60.0,15.0,38.75,Buena,16.8,33.0,6.0,21.0,Buena
470,2020-03-09,2020,3,NE,36.0,116.0,11.0,45.0,Buena,15.1,40.0,1.0,18.875,Buena
471,2020-03-09,2020,3,NO,35.0,109.0,5.0,43.75,Buena,16.7,29.0,2.0,20.875,Buena
472,2020-03-09,2020,3,SO,24.0,47.0,11.0,30.0,Buena,12.8,27.0,2.0,16.0,Buena
473,2020-03-10,2020,3,CE,25.0,53.0,6.0,31.25,Buena,13.2,30.0,2.0,16.5,Buena
474,2020-03-10,2020,3,NE,28.0,122.0,4.0,35.0,Buena,9.0,18.0,1.0,11.25,Buena
475,2020-03-10,2020,3,NO,26.0,63.0,1.0,32.5,Buena,14.7,32.0,1.0,18.375,Buena
476,2020-03-10,2020,3,SE,26.0,42.0,13.0,32.5,Buena,11.2,24.0,1.0,14.0,Buena
477,2020-03-10,2020,3,SO,24.0,55.0,3.0,30.0,Buena,12.3,35.0,1.0,15.375,Buena
478,2020-03-11,2020,3,CE,28.0,95.0,4.0,35.0,Buena,11.1,29.0,1.0,13.875,Buena
479,2020-03-11,2020,3,NE,35.0,123.0,6.0,43.75,Buena,8.6,20.0,1.0,10.75,Buena
480,2020-03-11,2020,3,NO,25.0,67.0,1.0,31.25,Buena,12.0,23.0,6.0,15.0,Buena
481,2020-03-11,2020,3,SE,31.0,71.0,4.0,38.75,Buena,11.4,27.0,1.0,14.25,Buena
482,2020-03-11,2020,3,SO,22.0,52.0,2.0,27.5,Buena,11.2,41.0,1.0,14.0,Buena
483,2020-03-13,2020,3,CE,43.0,67.0,22.0,53.882,Regular,17.9,32.0,8.0,22.375,Buena
484,2020-03-13,2020,3,NE,61.0,125.0,29.0,79.824,Regular,20.2,35.0,2.0,25.25,Buena
485,2020-03-13,2020,3,NO,51.0,116.0,8.0,65.41199999999999,Regular,15.7,38.0,3.0,19.625,Buena
486,2020-03-13,2020,3,SE,58.0,98.0,35.0,75.5,Regular,21.2,41.0,7.0,26.5,Buena
487,2020-03-13,2020,3,SO,38.0,71.0,16.0,47.5,Buena,17.2,44.0,7.0,21.5,Buena
488,2020-03-14,2020,3,CE,37.0,84.0,17.0,46.25,Buena,17.2,29.0,9.0,21.5,Buena
489,2020-03-14,2020,3,NE,60.0,112.0,20.0,78.382,Regular,21.5,52.0,7.0,26.875,Buena
490,2020-03-14,2020,3,NO,43.0,111.0,2.0,53.882,Regular,18.9,48.0,2.0,23.625,Buena
491,2020-03-14,2020,3,SE,55.0,116.0,25.0,71.176,Regular,21.8,43.0,7.0,27.25,Buena
492,2020-03-14,2020,3,SO,34.0,80.0,9.0,42.5,Buena,17.7,41.0,3.0,22.125,Buena
493,2020-03-15,2020,3,CE,33.0,65.0,17.0,41.25,Buena,17.7,35.0,4.0,22.125,Buena
494,2020-03-15,2020,3,NE,41.0,100.0,10.0,51.0,Regular,20.2,50.0,1.0,25.25,Buena
495,2020-03-15,2020,3,NO,41.0,105.0,1.0,51.0,Regular,21.9,51.0,3.0,27.375,Buena
496,2020-03-15,2020,3,SE,48.0,122.0,14.0,61.088,Regular,21.6,41.0,10.0,27.0,Buena
497,2020-03-15,2020,3,SO,32.0,76.0,8.0,40.0,Buena,16.2,33.0,1.0,20.25,Buena
498,2020-03-16,2020,3,CE,32.0,85.0,11.0,40.0,Buena,17.2,41.0,7.0,21.5,Buena
499,2020-03-16,2020,3,NE,36.0,94.0,10.0,45.0,Buena,17.8,49.0,2.0,22.25,Buena
500,2020-03-16,2020,3,NO,39.0,122.0,7.0,48.75,Buena,21.0,48.0,5.0,26.25,Buena
501,2020-03-16,2020,3,SE,41.0,140.0,11.0,51.0,Regular,18.3,39.0,4.0,22.875,Buena
502,2020-03-16,2020,3,SO,31.0,67.0,13.0,38.75,Buena,16.0,32.0,7.0,20.0,Buena
503,2020-03-17,2020,3,CE,34.0,60.0,16.0,42.5,Buena,20.7,28.0,11.0,25.875,Buena
504,2020-03-17,2020,3,NE,38.0,111.0,11.0,47.5,Buena,19.0,42.0,5.0,23.75,Buena
505,2020-03-17,2020,3,NO,40.0,116.0,1.0,50.0,Buena,19.9,43.0,1.0,24.875,Buena
506,2020-03-17,2020,3,SE,46.0,96.0,7.0,58.206,Regular,22.2,45.0,5.0,27.75,Buena
507,2020-03-17,2020,3,SO,29.0,67.0,8.0,36.25,Buena,17.1,39.0,4.0,21.375,Buena
508,2020-03-18,2020,3,CE,41.0,73.0,19.0,51.0,Regular,24.8,43.0,12.0,31.0,Buena
509,2020-03-18,2020,3,NE,51.0,118.0,15.0,65.41199999999999,Regular,23.9,52.0,6.0,29.875,Buena
510,2020-03-18,2020,3,NO,50.0,112.0,12.0,63.971000000000004,Regular,24.3,52.0,1.0,30.375,Buena
511,2020-03-18,2020,3,SE,54.0,119.0,23.0,69.735,Regular,26.5,47.0,9.0,33.125,Buena
512,2020-03-18,2020,3,SO,38.0,83.0,17.0,47.5,Buena,22.3,43.0,7.0,27.875,Buena
513,2020-03-19,2020,3,CE,38.0,62.0,8.0,47.5,Buena,21.5,31.0,10.0,26.875,Buena
514,2020-03-19,2020,3,NE,47.0,122.0,16.0,59.647,Regular,22.4,44.0,2.0,28.0,Buena
515,2020-03-19,2020,3,NO,41.0,106.0,3.0,51.0,Regular,20.4,45.0,2.0,25.5,Buena
516,2020-03-19,2020,3,SE,52.0,87.0,20.0,66.85300000000001,Regular,26.2,48.0,7.0,32.75,Buena
517,2020-03-19,2020,3,SO,29.0,74.0,5.0,36.25,Buena,16.3,50.0,3.0,20.375,Buena
518,2020-03-20,2020,3,CE,40.0,74.0,12.0,50.0,Buena,22.9,45.0,10.0,28.625,Buena
519,2020-03-20,2020,3,NE,48.0,95.0,7.0,61.088,Regular,23.2,47.0,9.0,29.0,Buena
520,2020-03-20,2020,3,NO,43.0,105.0,5.0,53.882,Regular,19.2,41.0,1.0,24.0,Buena
521,2020-03-20,2020,3,SE,51.0,133.0,12.0,65.41199999999999,Regular,24.6,56.0,3.0,30.75,Buena
522,2020-03-20,2020,3,SO,33.0,76.0,5.0,41.25,Buena,15.8,38.0,2.0,19.75,Buena
523,2020-03-21,2020,3,CE,36.0,72.0,24.0,45.0,Buena,23.6,32.0,16.0,29.5,Buena
524,2020-03-21,2020,3,NE,38.0,111.0,2.0,47.5,Buena,20.9,43.0,1.0,26.125,Buena
525,2020-03-21,2020,3,NO,42.0,108.0,14.0,52.441,Regular,23.0,50.0,3.0,28.75,Buena
526,2020-03-21,2020,3,SE,48.0,117.0,25.0,61.088,Regular,27.9,50.0,8.0,34.875,Buena
527,2020-03-21,2020,3,SO,36.0,87.0,15.0,45.0,Buena,22.9,38.0,14.0,28.625,Buena
528,2020-03-22,2020,3,CE,32.0,59.0,16.0,40.0,Buena,18.5,40.0,3.0,23.125,Buena
529,2020-03-22,2020,3,NE,41.0,106.0,3.0,51.0,Regular,18.0,38.0,2.0,22.5,Buena
530,2020-03-22,2020,3,NO,35.0,68.0,2.0,43.75,Buena,20.5,37.0,3.0,25.625,Buena
531,2020-03-22,2020,3,SE,42.0,101.0,6.0,52.441,Regular,19.2,38.0,2.0,24.0,Buena
532,2020-03-22,2020,3,SO,31.0,52.0,15.0,38.75,Buena,17.0,42.0,3.0,21.25,Buena
533,2020-03-23,2020,3,CE,39.0,75.0,18.0,48.75,Buena,19.2,27.0,10.0,24.0,Buena
534,2020-03-23,2020,3,NE,53.0,115.0,11.0,68.294,Regular,19.2,38.0,3.0,24.0,Buena
535,2020-03-23,2020,3,NO,42.0,99.0,2.0,52.441,Regular,17.4,34.0,1.0,21.75,Buena
536,2020-03-23,2020,3,SE,57.0,120.0,12.0,74.059,Regular,23.2,44.0,8.0,29.0,Buena
537,2020-03-23,2020,3,SO,30.0,74.0,10.0,37.5,Buena,14.7,31.0,2.0,18.375,Buena
538,2020-03-24,2020,3,CE,41.0,79.0,17.0,51.0,Regular,21.7,43.0,7.0,27.125,Buena
539,2020-03-24,2020,3,NE,57.0,118.0,26.0,74.059,Regular,26.0,63.0,4.0,32.5,Buena
540,2020-03-24,2020,3,NO,44.0,118.0,7.0,55.324,Regular,17.5,42.0,2.0,21.875,Buena
541,2020-03-24,2020,3,SE,57.0,113.0,13.0,74.059,Regular,27.2,57.0,5.0,34.0,Buena
542,2020-03-24,2020,3,SO,32.0,68.0,9.0,40.0,Buena,15.1,53.0,2.0,18.875,Buena
543,2020-03-25,2020,3,CE,42.0,69.0,12.0,52.441,Regular,20.9,43.0,5.0,26.125,Buena
544,2020-03-25,2020,3,NE,67.0,119.0,22.0,88.471,Regular,24.6,43.0,7.0,30.75,Buena
545,2020-03-25,2020,3,NO,51.0,119.0,14.0,65.41199999999999,Regular,19.9,40.0,1.0,24.875,Buena
546,2020-03-25,2020,3,SE,65.0,127.0,14.0,85.588,Regular,26.7,57.0,8.0,33.375,Buena
547,2020-03-25,2020,3,SO,36.0,77.0,5.0,45.0,Buena,19.6,58.0,1.0,24.5,Buena
548,2020-03-26,2020,3,CE,48.0,72.0,25.0,61.088,Regular,27.1,40.0,13.0,33.875,Buena
549,2020-03-26,2020,3,NE,70.0,122.0,24.0,92.794,Regular,29.7,51.0,13.0,37.125,Buena
550,2020-03-26,2020,3,NO,55.0,106.0,7.0,71.176,Regular,26.7,50.0,11.0,33.375,Buena
551,2020-03-26,2020,3,SE,61.0,104.0,12.0,79.824,Regular,27.8,56.0,10.0,34.75,Buena
552,2020-03-26,2020,3,SO,48.0,88.0,13.0,61.088,Regular,22.5,51.0,5.0,28.125,Buena
553,2020-03-27,2020,3,CE,45.0,106.0,18.0,56.765,Regular,20.5,38.0,7.0,25.625,Buena
554,2020-03-27,2020,3,NE,78.0,133.0,38.0,101.71,Mala,25.4,67.0,9.0,31.75,Buena
555,2020-03-27,2020,3,NO,58.0,121.0,9.0,75.5,Regular,26.7,51.0,9.0,33.375,Buena
556,2020-03-27,2020,3,SE,62.0,125.0,26.0,81.265,Regular,22.7,62.0,8.0,28.375,Buena
557,2020-03-27,2020,3,SO,35.0,81.0,6.0,43.75,Buena,17.8,49.0,2.0,22.25,Buena
558,2020-03-28,2020,3,CE,52.0,98.0,20.0,66.85300000000001,Regular,27.1,56.0,6.0,33.875,Buena
559,2020-03-28,2020,3,NE,65.0,122.0,14.0,85.588,Regular,27.4,56.0,12.0,34.25,Buena
560,2020-03-28,2020,3,NO,56.0,125.0,16.0,72.618,Regular,23.6,55.0,3.0,29.5,Buena
561,2020-03-28,2020,3,SE,68.0,129.0,22.0,89.912,Regular,31.4,69.0,13.0,39.25,Buena
562,2020-03-28,2020,3,SO,42.0,86.0,18.0,52.441,Regular,21.5,44.0,3.0,26.875,Buena
563,2020-03-29,2020,3,CE,54.0,81.0,33.0,69.735,Regular,30.3,50.0,17.0,37.875,Buena
564,2020-03-29,2020,3,NE,58.0,128.0,1.0,75.5,Regular,32.9,59.0,19.0,41.125,Buena
565,2020-03-29,2020,3,NO,51.0,110.0,7.0,65.41199999999999,Regular,27.2,60.0,1.0,34.0,Buena
566,2020-03-29,2020,3,SE,65.0,115.0,36.0,85.588,Regular,33.5,67.0,17.0,41.875,Buena
567,2020-03-29,2020,3,SO,47.0,86.0,22.0,59.647,Regular,25.5,52.0,7.0,31.875,Buena
568,2020-03-30,2020,3,CE,60.0,102.0,32.0,78.382,Regular,30.4,48.0,11.0,38.0,Buena
569,2020-03-30,2020,3,NE,63.0,127.0,14.0,82.706,Regular,31.0,57.0,9.0,38.75,Buena
570,2020-03-30,2020,3,NO,54.0,119.0,19.0,69.735,Regular,27.6,52.0,2.0,34.5,Buena
571,2020-03-30,2020,3,SE,63.0,99.0,24.0,82.706,Regular,33.6,56.0,7.0,42.0,Buena
572,2020-03-30,2020,3,SO,50.0,82.0,22.0,63.971000000000004,Regular,25.3,46.0,14.0,31.625,Buena
573,2020-03-31,2020,3,CE,54.0,110.0,28.0,69.735,Regular,21.7,38.0,12.0,27.125,Buena
574,2020-03-31,2020,3,NE,61.0,112.0,24.0,79.824,Regular,24.2,46.0,8.0,30.25,Buena
575,2020-03-31,2020,3,NO,54.0,122.0,6.0,69.735,Regular,23.9,55.0,1.0,29.875,Buena
576,2020-03-31,2020,3,SE,62.0,106.0,2.0,81.265,Regular,24.6,57.0,12.0,30.75,Buena
577,2020-03-31,2020,3,SO,43.0,87.0,17.0,53.882,Regular,18.8,45.0,7.0,23.5,Buena
578,2020-04-01,2020,4,CE,51.0,114.0,15.0,65.41199999999999,Regular,25.3,54.0,3.0,31.625,Buena
579,2020-04-01,2020,4,NE,66.0,127.0,12.0,87.029,Regular,31.0,60.0,11.0,38.75,Buena
580,2020-04-01,2020,4,NO,49.0,101.0,14.0,62.528999999999996,Regular,28.1,54.0,8.0,35.125,Buena
581,2020-04-01,2020,4,SE,62.0,118.0,30.0,81.265,Regular,31.8,65.0,8.0,39.75,Buena
582,2020-04-01,2020,4,SO,41.0,87.0,7.0,51.0,Regular,21.5,60.0,1.0,26.875,Buena
583,2020-04-02,2020,4,CE,22.0,60.0,4.0,27.5,Buena,5.8,37.0,1.0,7.25,Buena
584,2020-04-02,2020,4,NE,30.0,82.0,4.0,37.5,Buena,10.1,27.0,1.0,12.625,Buena
585,2020-04-02,2020,4,NO,28.0,99.0,2.0,35.0,Buena,12.8,34.0,3.0,16.0,Buena
586,2020-04-02,2020,4,SE,21.0,50.0,7.0,26.25,Buena,6.9,14.0,3.0,8.625,Buena
587,2020-04-02,2020,4,SO,12.0,33.0,2.0,15.0,Buena,6.7,46.0,1.0,8.375,Buena
588,2020-04-03,2020,4,CE,36.0,77.0,4.0,45.0,Buena,12.6,24.0,2.0,15.75,Buena
589,2020-04-03,2020,4,NE,44.0,108.0,18.0,55.324,Regular,15.9,60.0,2.0,19.875,Buena
590,2020-04-03,2020,4,NO,42.0,117.0,6.0,52.441,Regular,15.2,35.0,2.0,19.0,Buena
591,2020-04-03,2020,4,SE,43.0,75.0,12.0,53.882,Regular,14.3,28.0,4.0,17.875,Buena
592,2020-04-03,2020,4,SO,27.0,71.0,5.0,33.75,Buena,10.7,24.0,2.0,13.375,Buena
593,2020-04-04,2020,4,CE,32.0,57.0,5.0,40.0,Buena,19.4,37.0,4.0,24.25,Buena
594,2020-04-04,2020,4,NE,37.0,73.0,4.0,46.25,Buena,21.3,46.0,1.0,26.625,Buena
595,2020-04-04,2020,4,NO,40.0,121.0,2.0,50.0,Buena,23.5,60.0,9.0,29.375,Buena
596,2020-04-04,2020,4,SE,38.0,90.0,9.0,47.5,Buena,23.0,50.0,4.0,28.75,Buena
597,2020-04-04,2020,4,SO,25.0,66.0,2.0,31.25,Buena,15.6,43.0,3.0,19.5,Buena
598,2020-04-05,2020,4,CE,31.0,74.0,9.0,38.75,Buena,15.9,39.0,5.0,19.875,Buena
599,2020-04-05,2020,4,NE,45.0,101.0,20.0,56.765,Regular,16.1,45.0,1.0,20.125,Buena
600,2020-04-05,2020,4,NO,33.0,107.0,4.0,41.25,Buena,14.9,38.0,1.0,18.625,Buena
601,2020-04-05,2020,4,SE,37.0,78.0,2.0,46.25,Buena,16.9,35.0,1.0,21.125,Buena
602,2020-04-05,2020,4,SO,26.0,80.0,7.0,32.5,Buena,14.9,55.0,3.0,18.625,Buena
603,2020-04-06,2020,4,CE,30.0,69.0,5.0,37.5,Buena,13.3,25.0,3.0,16.625,Buena
604,2020-04-06,2020,4,NE,32.0,82.0,8.0,40.0,Buena,9.0,33.0,1.0,11.25,Buena
605,2020-04-06,2020,4,NO,26.0,92.0,1.0,32.5,Buena,11.9,27.0,1.0,14.875,Buena
606,2020-04-06,2020,4,SE,28.0,44.0,15.0,35.0,Buena,9.9,21.0,2.0,12.375,Buena
607,2020-04-06,2020,4,SO,21.0,50.0,4.0,26.25,Buena,9.6,23.0,1.0,12.0,Buena
608,2020-04-07,2020,4,CE,27.0,56.0,8.0,33.75,Buena,16.5,38.0,1.0,20.625,Buena
609,2020-04-07,2020,4,NE,34.0,80.0,7.0,42.5,Buena,19.0,52.0,8.0,23.75,Buena
610,2020-04-07,2020,4,NO,33.0,94.0,4.0,41.25,Buena,21.0,45.0,1.0,26.25,Buena
611,2020-04-07,2020,4,SE,29.0,55.0,5.0,36.25,Buena,15.8,38.0,3.0,19.75,Buena
612,2020-04-07,2020,4,SO,27.0,71.0,4.0,33.75,Buena,15.8,36.0,4.0,19.75,Buena
613,2020-04-08,2020,4,CE,28.0,53.0,9.0,35.0,Buena,23.9,39.0,4.0,29.875,Buena
614,2020-04-08,2020,4,NE,25.0,51.0,7.0,31.25,Buena,18.2,39.0,1.0,22.75,Buena
615,2020-04-08,2020,4,NO,29.0,58.0,3.0,36.25,Buena,19.7,32.0,4.0,24.625,Buena
616,2020-04-08,2020,4,SE,33.0,55.0,14.0,41.25,Buena,21.5,48.0,5.0,26.875,Buena
617,2020-04-08,2020,4,SO,23.0,52.0,7.0,28.75,Buena,17.6,41.0,4.0,22.0,Buena
618,2020-04-09,2020,4,CE,14.0,24.0,6.0,17.5,Buena,6.0,15.0,1.0,7.5,Buena
619,2020-04-09,2020,4,NE,23.0,94.0,3.0,28.75,Buena,6.4,34.0,1.0,8.0,Buena
620,2020-04-09,2020,4,NO,23.0,76.0,3.0,28.75,Buena,5.7,10.0,1.0,7.125,Buena
621,2020-04-09,2020,4,SO,14.0,35.0,2.0,17.5,Buena,5.2,12.0,1.0,6.5,Buena
622,2020-04-10,2020,4,CE,24.0,40.0,14.0,30.0,Buena,14.9,29.0,3.0,18.625,Buena
623,2020-04-10,2020,4,NE,29.0,63.0,3.0,36.25,Buena,14.0,27.0,2.0,17.5,Buena
624,2020-04-10,2020,4,NO,26.0,67.0,5.0,32.5,Buena,14.0,26.0,4.0,17.5,Buena
625,2020-04-10,2020,4,SE,28.0,42.0,15.0,35.0,Buena,14.3,26.0,4.0,17.875,Buena
626,2020-04-10,2020,4,SO,25.0,49.0,8.0,31.25,Buena,14.1,27.0,3.0,17.625,Buena
627,2020-04-11,2020,4,CE,45.0,87.0,17.0,56.765,Regular,24.6,59.0,1.0,30.75,Buena
628,2020-04-11,2020,4,NE,46.0,108.0,6.0,58.206,Regular,20.4,57.0,6.0,25.5,Buena
629,2020-04-11,2020,4,NO,35.0,73.0,4.0,43.75,Buena,23.6,49.0,11.0,29.5,Buena
630,2020-04-11,2020,4,SE,48.0,91.0,10.0,61.088,Regular,20.0,44.0,9.0,25.0,Buena
631,2020-04-11,2020,4,SO,32.0,65.0,4.0,40.0,Buena,17.3,44.0,1.0,21.625,Buena
632,2020-04-13,2020,4,CE,45.0,77.0,21.0,56.765,Regular,26.7,49.0,8.0,33.375,Buena
633,2020-04-13,2020,4,NE,60.0,121.0,14.0,78.382,Regular,28.7,59.0,13.0,35.875,Buena
634,2020-04-13,2020,4,NO,48.0,125.0,8.0,61.088,Regular,21.9,48.0,10.0,27.375,Buena
635,2020-04-13,2020,4,SE,55.0,97.0,1.0,71.176,Regular,28.5,46.0,14.0,35.625,Buena
636,2020-04-13,2020,4,SO,30.0,73.0,11.0,37.5,Buena,20.2,43.0,5.0,25.25,Buena
637,2020-04-14,2020,4,CE,52.0,100.0,18.0,66.85300000000001,Regular,27.5,53.0,11.0,34.375,Buena
638,2020-04-14,2020,4,NE,66.0,109.0,29.0,87.029,Regular,29.9,58.0,12.0,37.375,Buena
639,2020-04-14,2020,4,NO,56.0,125.0,15.0,72.618,Regular,27.4,59.0,11.0,34.25,Buena
640,2020-04-14,2020,4,SE,58.0,119.0,33.0,75.5,Regular,29.7,59.0,11.0,37.125,Buena
641,2020-04-14,2020,4,SO,44.0,84.0,18.0,55.324,Regular,25.5,59.0,8.0,31.875,Buena
642,2020-04-15,2020,4,CE,57.0,92.0,11.0,74.059,Regular,34.2,52.0,9.0,42.75,Buena
643,2020-04-15,2020,4,NE,66.0,113.0,12.0,87.029,Regular,38.2,66.0,18.0,47.75,Buena
644,2020-04-15,2020,4,NO,59.0,101.0,10.0,76.941,Regular,34.9,62.0,11.0,43.625,Buena
645,2020-04-15,2020,4,SE,63.0,129.0,14.0,82.706,Regular,35.6,63.0,18.0,44.5,Buena
646,2020-04-15,2020,4,SO,45.0,83.0,10.0,56.765,Regular,30.2,53.0,9.0,37.75,Buena
647,2020-04-16,2020,4,CE,54.0,103.0,25.0,69.735,Regular,32.4,52.0,21.0,40.5,Buena
648,2020-04-16,2020,4,NE,54.0,104.0,15.0,69.735,Regular,31.7,67.0,11.0,39.625,Buena
649,2020-04-16,2020,4,NO,56.0,124.0,21.0,72.618,Regular,30.1,48.0,10.0,37.625,Buena
650,2020-04-16,2020,4,SE,57.0,99.0,27.0,74.059,Regular,29.2,58.0,17.0,36.5,Buena
651,2020-04-16,2020,4,SO,50.0,87.0,19.0,63.971000000000004,Regular,30.0,51.0,15.0,37.5,Buena
652,2020-04-17,2020,4,CE,53.0,87.0,28.0,68.294,Regular,31.7,47.0,21.0,39.625,Buena
653,2020-04-17,2020,4,NE,52.0,131.0,10.0,66.85300000000001,Regular,31.7,65.0,12.0,39.625,Buena
654,2020-04-17,2020,4,NO,49.0,108.0,3.0,62.528999999999996,Regular,28.4,46.0,10.0,35.5,Buena
655,2020-04-17,2020,4,SE,63.0,124.0,13.0,82.706,Regular,33.3,56.0,9.0,41.625,Buena
656,2020-04-17,2020,4,SO,47.0,84.0,18.0,59.647,Regular,30.1,53.0,12.0,37.625,Buena
657,2020-04-18,2020,4,CE,54.0,86.0,33.0,69.735,Regular,35.3,58.0,23.0,44.125,Buena
658,2020-04-18,2020,4,NE,59.0,113.0,17.0,76.941,Regular,32.1,53.0,9.0,40.125,Buena
659,2020-04-18,2020,4,NO,50.0,105.0,9.0,63.971000000000004,Regular,30.5,50.0,10.0,38.125,Buena
660,2020-04-18,2020,4,SE,55.0,89.0,18.0,71.176,Regular,36.8,68.0,16.0,46.0,Buena
661,2020-04-18,2020,4,SO,48.0,83.0,27.0,61.088,Regular,32.3,59.0,16.0,40.375,Buena
662,2020-04-19,2020,4,CE,57.0,84.0,31.0,74.059,Regular,39.6,55.0,21.0,49.5,Buena
663,2020-04-19,2020,4,NE,65.0,113.0,26.0,85.588,Regular,39.8,59.0,21.0,49.75,Buena
664,2020-04-19,2020,4,NO,50.0,121.0,1.0,63.971000000000004,Regular,30.2,48.0,7.0,37.75,Buena
665,2020-04-19,2020,4,SE,62.0,113.0,11.0,81.265,Regular,42.8,66.0,26.0,53.593999999999994,Regular
666,2020-04-19,2020,4,SO,50.0,88.0,31.0,63.971000000000004,Regular,36.9,57.0,19.0,46.125,Buena
667,2020-04-20,2020,4,CE,49.0,97.0,28.0,62.528999999999996,Regular,26.8,44.0,11.0,33.5,Buena
668,2020-04-20,2020,4,NE,57.0,109.0,1.0,74.059,Regular,30.9,56.0,6.0,38.625,Buena
669,2020-04-20,2020,4,NO,47.0,100.0,7.0,59.647,Regular,22.8,42.0,4.0,28.5,Buena
670,2020-04-20,2020,4,SE,56.0,103.0,8.0,72.618,Regular,34.1,55.0,6.0,42.625,Buena
671,2020-04-20,2020,4,SO,40.0,70.0,19.0,50.0,Buena,26.6,49.0,12.0,33.25,Buena
672,2020-04-21,2020,4,CE,59.0,112.0,15.0,76.941,Regular,26.0,41.0,13.0,32.5,Buena
673,2020-04-21,2020,4,NE,54.0,102.0,5.0,69.735,Regular,30.6,60.0,7.0,38.25,Buena
674,2020-04-21,2020,4,NO,56.0,124.0,3.0,72.618,Regular,24.4,53.0,3.0,30.5,Buena
675,2020-04-21,2020,4,SE,67.0,131.0,1.0,88.471,Regular,29.0,48.0,7.0,36.25,Buena
676,2020-04-21,2020,4,SO,44.0,85.0,6.0,55.324,Regular,21.1,42.0,4.0,26.375,Buena
677,2020-04-22,2020,4,CE,37.0,71.0,3.0,46.25,Buena,24.0,45.0,6.0,30.0,Buena
678,2020-04-22,2020,4,NE,49.0,114.0,8.0,62.528999999999996,Regular,25.3,52.0,6.0,31.625,Buena
679,2020-04-22,2020,4,NO,36.0,98.0,1.0,45.0,Buena,19.9,42.0,5.0,24.875,Buena
680,2020-04-22,2020,4,SE,44.0,75.0,5.0,55.324,Regular,25.1,43.0,2.0,31.375,Buena
681,2020-04-22,2020,4,SO,33.0,79.0,4.0,41.25,Buena,21.3,52.0,7.0,26.625,Buena
682,2020-04-23,2020,4,CE,35.0,70.0,8.0,43.75,Buena,20.5,36.0,10.0,25.625,Buena
683,2020-04-23,2020,4,NE,50.0,118.0,7.0,63.971000000000004,Regular,23.6,52.0,3.0,29.5,Buena
684,2020-04-23,2020,4,NO,38.0,107.0,2.0,47.5,Buena,19.2,40.0,1.0,24.0,Buena
685,2020-04-23,2020,4,SE,45.0,97.0,8.0,56.765,Regular,23.2,40.0,5.0,29.0,Buena
686,2020-04-23,2020,4,SO,30.0,61.0,12.0,37.5,Buena,19.7,40.0,4.0,24.625,Buena
687,2020-04-24,2020,4,CE,43.0,75.0,19.0,53.882,Regular,28.5,48.0,8.0,35.625,Buena
688,2020-04-24,2020,4,NE,58.0,113.0,2.0,75.5,Regular,32.7,56.0,12.0,40.875,Buena
689,2020-04-24,2020,4,NO,46.0,104.0,2.0,58.206,Regular,25.8,45.0,7.0,32.25,Buena
690,2020-04-24,2020,4,SE,53.0,106.0,9.0,68.294,Regular,32.7,56.0,17.0,40.875,Buena
691,2020-04-24,2020,4,SO,38.0,79.0,18.0,47.5,Buena,25.2,48.0,7.0,31.5,Buena
692,2020-04-25,2020,4,CE,40.0,74.0,16.0,50.0,Buena,24.9,46.0,5.0,31.125,Buena
693,2020-04-25,2020,4,NE,53.0,121.0,3.0,68.294,Regular,27.1,53.0,4.0,33.875,Buena
694,2020-04-25,2020,4,NO,42.0,95.0,7.0,52.441,Regular,26.3,53.0,6.0,32.875,Buena
695,2020-04-25,2020,4,SE,51.0,131.0,2.0,65.41199999999999,Regular,28.1,44.0,13.0,35.125,Buena
696,2020-04-25,2020,4,SO,38.0,83.0,16.0,47.5,Buena,23.9,53.0,7.0,29.875,Buena
697,2020-04-26,2020,4,CE,26.0,44.0,9.0,32.5,Buena,17.2,29.0,5.0,21.5,Buena
698,2020-04-26,2020,4,NE,29.0,73.0,2.0,36.25,Buena,15.7,37.0,1.0,19.625,Buena
699,2020-04-26,2020,4,NO,27.0,63.0,1.0,33.75,Buena,15.5,39.0,1.0,19.375,Buena
700,2020-04-26,2020,4,SE,34.0,140.0,11.0,42.5,Buena,19.5,46.0,3.0,24.375,Buena
701,2020-04-26,2020,4,SO,30.0,53.0,5.0,37.5,Buena,19.0,38.0,4.0,23.75,Buena
702,2020-04-27,2020,4,CE,25.0,55.0,8.0,31.25,Buena,13.1,30.0,4.0,16.375,Buena
703,2020-04-27,2020,4,NE,34.0,130.0,2.0,42.5,Buena,14.7,38.0,6.0,18.375,Buena
704,2020-04-27,2020,4,NO,28.0,123.0,2.0,35.0,Buena,12.6,33.0,1.0,15.75,Buena
705,2020-04-27,2020,4,SE,30.0,44.0,14.0,37.5,Buena,13.8,39.0,1.0,17.25,Buena
706,2020-04-27,2020,4,SO,23.0,57.0,6.0,28.75,Buena,11.3,32.0,1.0,14.125,Buena
707,2020-04-28,2020,4,CE,33.0,70.0,11.0,41.25,Buena,18.1,42.0,3.0,22.625,Buena
708,2020-04-28,2020,4,NE,46.0,122.0,1.0,58.206,Regular,20.1,46.0,2.0,25.125,Buena
709,2020-04-28,2020,4,NO,40.0,96.0,10.0,50.0,Buena,17.9,40.0,2.0,22.375,Buena
710,2020-04-28,2020,4,SE,45.0,139.0,6.0,56.765,Regular,21.2,41.0,6.0,26.5,Buena
711,2020-04-28,2020,4,SO,29.0,56.0,4.0,36.25,Buena,16.3,33.0,1.0,20.375,Buena
712,2020-04-29,2020,4,CE,37.0,80.0,19.0,46.25,Buena,19.9,36.0,6.0,24.875,Buena
713,2020-04-29,2020,4,NE,47.0,88.0,9.0,59.647,Regular,21.7,41.0,1.0,27.125,Buena
714,2020-04-29,2020,4,NO,37.0,117.0,10.0,46.25,Buena,18.2,40.0,1.0,22.75,Buena
715,2020-04-29,2020,4,SE,42.0,139.0,15.0,52.441,Regular,20.6,42.0,6.0,25.75,Buena
716,2020-04-29,2020,4,SO,27.0,74.0,1.0,33.75,Buena,14.6,32.0,1.0,18.25,Buena
717,2020-04-30,2020,4,CE,25.0,61.0,3.0,31.25,Buena,12.0,24.0,1.0,15.0,Buena
718,2020-04-30,2020,4,NE,35.0,93.0,5.0,43.75,Buena,14.3,36.0,2.0,17.875,Buena
719,2020-04-30,2020,4,NO,26.0,118.0,1.0,32.5,Buena,11.7,33.0,1.0,14.625,Buena
720,2020-04-30,2020,4,SE,24.0,42.0,8.0,30.0,Buena,14.1,37.0,1.0,17.625,Buena
721,2020-04-30,2020,4,SO,25.0,77.0,5.0,31.25,Buena,12.2,30.0,1.0,15.25,Buena
722,2020-05-01,2020,5,CE,40.0,90.0,20.0,50.0,Buena,24.0,46.0,4.0,30.0,Buena
723,2020-05-01,2020,5,NE,57.0,133.0,8.0,74.059,Regular,25.8,67.0,6.0,32.25,Buena
724,2020-05-01,2020,5,NO,36.0,99.0,5.0,45.0,Buena,18.7,35.0,11.0,23.375,Buena
725,2020-05-01,2020,5,SE,49.0,107.0,7.0,62.528999999999996,Regular,27.0,54.0,3.0,33.75,Buena
726,2020-05-01,2020,5,SO,30.0,66.0,7.0,37.5,Buena,17.4,33.0,1.0,21.75,Buena
727,2020-05-02,2020,5,NE,31.0,114.0,4.0,38.75,Buena,8.2,25.0,1.0,10.25,Buena
728,2020-05-02,2020,5,NO,20.0,85.0,2.0,25.0,Buena,8.8,27.0,3.0,11.0,Buena
729,2020-05-02,2020,5,SE,14.0,39.0,2.0,17.5,Buena,5.6,13.0,1.0,7.0,Buena
730,2020-05-02,2020,5,SO,17.0,38.0,2.0,21.25,Buena,5.7,18.0,1.0,7.125,Buena
731,2020-05-03,2020,5,CE,56.0,104.0,32.0,72.618,Regular,22.6,43.0,2.0,28.25,Buena
732,2020-05-03,2020,5,NE,65.0,119.0,34.0,85.588,Regular,24.6,53.0,3.0,30.75,Buena
733,2020-05-03,2020,5,NO,64.0,117.0,28.0,84.147,Regular,26.3,50.0,9.0,32.875,Buena
734,2020-05-03,2020,5,SE,68.0,118.0,37.0,89.912,Regular,26.2,52.0,10.0,32.75,Buena
735,2020-05-03,2020,5,SO,47.0,86.0,15.0,59.647,Regular,19.2,50.0,5.0,24.0,Buena
736,2020-05-04,2020,5,CE,31.0,47.0,13.0,38.75,Buena,17.6,28.0,8.0,22.0,Buena
737,2020-05-04,2020,5,NE,33.0,55.0,2.0,41.25,Buena,19.5,43.0,2.0,24.375,Buena
738,2020-05-04,2020,5,NO,34.0,106.0,1.0,42.5,Buena,18.8,31.0,2.0,23.5,Buena
739,2020-05-04,2020,5,SE,32.0,90.0,8.0,40.0,Buena,19.0,30.0,10.0,23.75,Buena
740,2020-05-04,2020,5,SO,30.0,56.0,10.0,37.5,Buena,17.0,35.0,4.0,21.25,Buena
741,2020-05-05,2020,5,CE,34.0,75.0,5.0,42.5,Buena,16.9,31.0,3.0,21.125,Buena
742,2020-05-05,2020,5,NE,39.0,77.0,4.0,48.75,Buena,18.0,35.0,1.0,22.5,Buena
743,2020-05-05,2020,5,NO,43.0,121.0,3.0,53.882,Regular,15.9,42.0,3.0,19.875,Buena
744,2020-05-05,2020,5,SE,39.0,62.0,11.0,48.75,Buena,20.7,35.0,3.0,25.875,Buena
745,2020-05-05,2020,5,SO,28.0,62.0,5.0,35.0,Buena,17.0,44.0,3.0,21.25,Buena
746,2020-05-06,2020,5,CE,26.0,61.0,8.0,32.5,Buena,13.1,28.0,3.0,16.375,Buena
747,2020-05-06,2020,5,NE,36.0,91.0,8.0,45.0,Buena,12.5,37.0,2.0,15.625,Buena
748,2020-05-06,2020,5,NO,26.0,80.0,1.0,32.5,Buena,12.5,49.0,1.0,15.625,Buena
749,2020-05-06,2020,5,SE,28.0,39.0,17.0,35.0,Buena,13.4,26.0,4.0,16.75,Buena
750,2020-05-06,2020,5,SO,23.0,44.0,4.0,28.75,Buena,11.6,25.0,1.0,14.5,Buena
751,2020-05-07,2020,5,CE,25.0,85.0,3.0,31.25,Buena,17.5,60.0,1.0,21.875,Buena
752,2020-05-07,2020,5,NE,40.0,94.0,10.0,50.0,Buena,18.3,50.0,2.0,22.875,Buena
753,2020-05-07,2020,5,NO,27.0,93.0,1.0,33.75,Buena,18.6,61.0,1.0,23.25,Buena
754,2020-05-07,2020,5,SE,25.0,57.0,9.0,31.25,Buena,13.4,30.0,5.0,16.75,Buena
755,2020-05-07,2020,5,SO,19.0,55.0,2.0,23.75,Buena,11.7,35.0,1.0,14.625,Buena
756,2020-05-08,2020,5,NE,25.0,105.0,1.0,31.25,Buena,10.9,24.0,1.0,13.625,Buena
757,2020-05-08,2020,5,NO,25.0,56.0,4.0,31.25,Buena,13.7,38.0,2.0,17.125,Buena
758,2020-05-08,2020,5,SE,24.0,32.0,13.0,30.0,Buena,11.7,23.0,2.0,14.625,Buena
759,2020-05-08,2020,5,SO,20.0,47.0,7.0,25.0,Buena,12.4,34.0,1.0,15.5,Buena
760,2020-05-09,2020,5,CE,16.0,28.0,3.0,20.0,Buena,8.2,20.0,1.0,10.25,Buena
761,2020-05-09,2020,5,NE,19.0,60.0,1.0,23.75,Buena,8.0,28.0,1.0,10.0,Buena
762,2020-05-09,2020,5,NO,18.0,40.0,3.0,22.5,Buena,7.6,11.0,3.0,9.5,Buena
763,2020-05-09,2020,5,SE,20.0,33.0,13.0,25.0,Buena,9.5,22.0,1.0,11.875,Buena
764,2020-05-09,2020,5,SO,11.0,25.0,2.0,13.75,Buena,7.0,16.0,1.0,8.75,Buena
765,2020-05-10,2020,5,CE,37.0,68.0,17.0,46.25,Buena,18.0,32.0,5.0,22.5,Buena
766,2020-05-10,2020,5,NE,42.0,129.0,11.0,52.441,Regular,16.2,26.0,8.0,20.25,Buena
767,2020-05-10,2020,5,NO,35.0,120.0,1.0,43.75,Buena,19.0,36.0,3.0,23.75,Buena
768,2020-05-10,2020,5,SE,41.0,69.0,18.0,51.0,Regular,16.6,34.0,6.0,20.75,Buena
769,2020-05-10,2020,5,SO,28.0,65.0,7.0,35.0,Buena,14.4,32.0,3.0,18.0,Buena
770,2020-05-11,2020,5,CE,48.0,88.0,23.0,61.088,Regular,26.0,54.0,9.0,32.5,Buena
771,2020-05-11,2020,5,NE,50.0,103.0,14.0,63.971000000000004,Regular,18.9,45.0,1.0,23.625,Buena
772,2020-05-11,2020,5,NO,39.0,113.0,13.0,48.75,Buena,27.2,55.0,10.0,34.0,Buena
773,2020-05-11,2020,5,SE,56.0,112.0,17.0,72.618,Regular,24.7,55.0,7.0,30.875,Buena
774,2020-05-11,2020,5,SO,36.0,82.0,3.0,45.0,Buena,20.2,57.0,1.0,25.25,Buena
775,2020-05-13,2020,5,CE,37.0,63.0,20.0,46.25,Buena,27.6,45.0,12.0,34.5,Buena
776,2020-05-13,2020,5,NE,58.0,120.0,25.0,75.5,Regular,35.2,65.0,18.0,44.0,Buena
777,2020-05-13,2020,5,NO,43.0,89.0,3.0,53.882,Regular,26.8,49.0,3.0,33.5,Buena
778,2020-05-13,2020,5,SE,47.0,81.0,22.0,59.647,Regular,34.0,61.0,15.0,42.5,Buena
779,2020-05-13,2020,5,SO,34.0,73.0,19.0,42.5,Buena,26.3,51.0,14.0,32.875,Buena
780,2020-05-14,2020,5,CE,45.0,86.0,26.0,56.765,Regular,32.6,46.0,18.0,40.75,Buena
781,2020-05-14,2020,5,NE,60.0,94.0,22.0,78.382,Regular,40.8,63.0,18.0,0.0,Buena
782,2020-05-14,2020,5,NO,45.0,96.0,7.0,56.765,Regular,26.0,41.0,7.0,32.5,Buena
783,2020-05-14,2020,5,SE,58.0,89.0,30.0,75.5,Regular,39.9,57.0,24.0,49.875,Buena
784,2020-05-14,2020,5,SO,42.0,73.0,20.0,52.441,Regular,31.9,54.0,12.0,39.875,Buena
785,2020-05-15,2020,5,CE,41.0,67.0,17.0,51.0,Regular,29.2,41.0,4.0,36.5,Buena
786,2020-05-15,2020,5,NE,57.0,103.0,22.0,74.059,Regular,31.6,50.0,6.0,39.5,Buena
787,2020-05-15,2020,5,NO,42.0,104.0,2.0,52.441,Regular,24.4,53.0,1.0,30.5,Buena
788,2020-05-15,2020,5,SE,50.0,72.0,34.0,63.971000000000004,Regular,35.7,50.0,16.0,44.625,Buena
789,2020-05-15,2020,5,SO,41.0,85.0,12.0,51.0,Regular,28.9,55.0,8.0,36.125,Buena
790,2020-05-16,2020,5,CE,30.0,60.0,13.0,37.5,Buena,19.0,33.0,5.0,23.75,Buena
791,2020-05-16,2020,5,NE,58.0,121.0,19.0,75.5,Regular,29.2,62.0,5.0,36.5,Buena
792,2020-05-16,2020,5,NO,37.0,107.0,9.0,46.25,Buena,17.2,38.0,2.0,21.5,Buena
793,2020-05-16,2020,5,SE,42.0,74.0,16.0,52.441,Regular,27.9,50.0,7.0,34.875,Buena
794,2020-05-16,2020,5,SO,27.0,55.0,11.0,33.75,Buena,17.1,46.0,5.0,21.375,Buena
795,2020-05-17,2020,5,CE,35.0,100.0,13.0,43.75,Buena,23.3,39.0,10.0,29.125,Buena
796,2020-05-17,2020,5,NE,51.0,115.0,11.0,65.41199999999999,Regular,24.8,40.0,11.0,31.0,Buena
797,2020-05-17,2020,5,NO,39.0,115.0,9.0,48.75,Buena,19.8,43.0,5.0,24.75,Buena
798,2020-05-17,2020,5,SE,45.0,76.0,22.0,56.765,Regular,26.9,45.0,11.0,33.625,Buena
799,2020-05-17,2020,5,SO,31.0,79.0,3.0,38.75,Buena,20.9,51.0,2.0,26.125,Buena
800,2020-05-18,2020,5,CE,38.0,90.0,5.0,47.5,Buena,23.6,41.0,11.0,29.5,Buena
801,2020-05-18,2020,5,NE,46.0,101.0,14.0,58.206,Regular,22.1,49.0,4.0,27.625,Buena
802,2020-05-18,2020,5,NO,40.0,106.0,4.0,50.0,Buena,22.1,41.0,1.0,27.625,Buena
803,2020-05-18,2020,5,SE,47.0,77.0,22.0,59.647,Regular,25.8,51.0,4.0,32.25,Buena
804,2020-05-18,2020,5,SO,37.0,59.0,17.0,46.25,Buena,21.7,36.0,13.0,27.125,Buena
805,2020-05-19,2020,5,CE,34.0,60.0,13.0,42.5,Buena,21.7,37.0,2.0,27.125,Buena
806,2020-05-19,2020,5,NE,53.0,122.0,1.0,68.294,Regular,22.2,68.0,6.0,27.75,Buena
807,2020-05-19,2020,5,NO,37.0,101.0,1.0,46.25,Buena,21.1,46.0,8.0,26.375,Buena
808,2020-05-19,2020,5,SE,47.0,83.0,5.0,59.647,Regular,27.8,51.0,4.0,34.75,Buena
809,2020-05-19,2020,5,SO,27.0,74.0,8.0,33.75,Buena,16.4,30.0,2.0,20.5,Buena
810,2020-05-20,2020,5,CE,56.0,103.0,28.0,72.618,Regular,36.5,56.0,13.0,45.625,Buena
811,2020-05-20,2020,5,NE,74.0,131.0,36.0,98.559,Regular,38.4,60.0,7.0,48.0,Buena
812,2020-05-20,2020,5,NO,55.0,123.0,24.0,71.176,Regular,34.2,61.0,15.0,42.75,Buena
813,2020-05-20,2020,5,SE,71.0,100.0,46.0,94.235,Regular,44.5,70.0,27.0,56.044,Regular
814,2020-05-20,2020,5,SO,54.0,84.0,30.0,69.735,Regular,35.6,54.0,23.0,44.5,Buena
815,2020-05-21,2020,5,CE,65.0,103.0,38.0,85.588,Regular,44.6,61.0,29.0,56.188,Regular
816,2020-05-21,2020,5,NE,67.0,113.0,15.0,88.471,Regular,43.0,67.0,19.0,53.882,Regular
817,2020-05-21,2020,5,NO,61.0,108.0,17.0,79.824,Regular,40.9,60.0,12.0,0.0,Buena
818,2020-05-21,2020,5,SE,79.0,102.0,54.0,102.065,Mala,51.7,69.0,34.0,66.421,Regular
819,2020-05-21,2020,5,SO,58.0,84.0,25.0,75.5,Regular,41.3,55.0,25.0,51.431999999999995,Regular
820,2020-05-22,2020,5,CE,51.0,90.0,24.0,65.41199999999999,Regular,34.1,57.0,10.0,42.625,Buena
821,2020-05-22,2020,5,NE,55.0,115.0,9.0,71.176,Regular,33.4,59.0,11.0,41.75,Buena
822,2020-05-22,2020,5,NO,41.0,106.0,4.0,51.0,Regular,24.9,53.0,1.0,31.125,Buena
823,2020-05-22,2020,5,SE,72.0,95.0,43.0,95.676,Regular,39.1,64.0,18.0,48.875,Buena
824,2020-05-22,2020,5,SO,39.0,71.0,16.0,48.75,Buena,27.1,43.0,10.0,33.875,Buena
825,2020-05-23,2020,5,CE,42.0,73.0,25.0,52.441,Regular,27.0,45.0,10.0,33.75,Buena
826,2020-05-23,2020,5,NE,54.0,103.0,10.0,69.735,Regular,29.2,68.0,5.0,36.5,Buena
827,2020-05-23,2020,5,NO,43.0,113.0,6.0,53.882,Regular,26.1,46.0,6.0,32.625,Buena
828,2020-05-23,2020,5,SE,56.0,96.0,30.0,72.618,Regular,31.5,49.0,18.0,39.375,Buena
829,2020-05-23,2020,5,SO,35.0,77.0,17.0,43.75,Buena,21.3,37.0,7.0,26.625,Buena
830,2020-05-24,2020,5,CE,39.0,72.0,22.0,48.75,Buena,27.0,43.0,11.0,33.75,Buena
831,2020-05-24,2020,5,NE,50.0,106.0,8.0,63.971000000000004,Regular,29.4,52.0,10.0,36.75,Buena
832,2020-05-24,2020,5,NO,37.0,101.0,8.0,46.25,Buena,23.6,45.0,4.0,29.5,Buena
833,2020-05-24,2020,5,SE,41.0,61.0,29.0,51.0,Regular,28.8,43.0,7.0,36.0,Buena
834,2020-05-24,2020,5,SO,31.0,51.0,16.0,38.75,Buena,22.1,36.0,8.0,27.625,Buena
835,2020-05-25,2020,5,CE,35.0,64.0,18.0,43.75,Buena,21.9,36.0,6.0,27.375,Buena
836,2020-05-25,2020,5,NE,49.0,114.0,10.0,62.528999999999996,Regular,23.1,52.0,5.0,28.875,Buena
837,2020-05-25,2020,5,NO,37.0,84.0,8.0,46.25,Buena,23.1,43.0,2.0,28.875,Buena
838,2020-05-25,2020,5,SE,37.0,68.0,22.0,46.25,Buena,24.4,53.0,8.0,30.5,Buena
839,2020-05-25,2020,5,SO,29.0,75.0,1.0,36.25,Buena,18.2,44.0,1.0,22.75,Buena
840,2020-05-26,2020,5,CE,47.0,89.0,22.0,59.647,Regular,28.4,49.0,16.0,35.5,Buena
841,2020-05-26,2020,5,NE,62.0,109.0,23.0,81.265,Regular,30.7,51.0,16.0,38.375,Buena
842,2020-05-26,2020,5,NO,50.0,108.0,18.0,63.971000000000004,Regular,29.5,45.0,8.0,36.875,Buena
843,2020-05-26,2020,5,SE,55.0,83.0,34.0,71.176,Regular,33.4,50.0,8.0,41.75,Buena
844,2020-05-26,2020,5,SO,40.0,76.0,14.0,50.0,Buena,25.2,49.0,8.0,31.5,Buena
845,2020-05-27,2020,5,CE,60.0,104.0,29.0,78.382,Regular,40.7,58.0,24.0,0.0,Buena
846,2020-05-27,2020,5,NE,65.0,119.0,8.0,85.588,Regular,40.4,67.0,11.0,0.0,Buena
847,2020-05-27,2020,5,NO,55.0,108.0,1.0,71.176,Regular,38.5,59.0,14.0,48.125,Buena
848,2020-05-27,2020,5,SE,65.0,92.0,41.0,85.588,Regular,42.0,65.0,20.0,52.441,Regular
849,2020-05-27,2020,5,SO,50.0,85.0,26.0,63.971000000000004,Regular,34.2,52.0,21.0,42.75,Buena
850,2020-05-28,2020,5,CE,48.0,85.0,13.0,61.088,Regular,31.2,52.0,9.0,39.0,Buena
851,2020-05-28,2020,5,NE,51.0,121.0,3.0,65.41199999999999,Regular,30.8,55.0,1.0,38.5,Buena
852,2020-05-28,2020,5,NO,41.0,91.0,3.0,51.0,Regular,25.9,50.0,1.0,32.375,Buena
853,2020-05-28,2020,5,SE,52.0,99.0,14.0,66.85300000000001,Regular,33.7,58.0,7.0,42.125,Buena
854,2020-05-28,2020,5,SO,40.0,73.0,5.0,50.0,Buena,26.1,47.0,8.0,32.625,Buena
855,2020-05-29,2020,5,CE,30.0,70.0,7.0,37.5,Buena,20.2,45.0,2.0,25.25,Buena
856,2020-05-29,2020,5,NE,33.0,70.0,6.0,41.25,Buena,17.7,53.0,1.0,22.125,Buena
857,2020-05-29,2020,5,NO,30.0,105.0,4.0,37.5,Buena,18.9,38.0,1.0,23.625,Buena
858,2020-05-29,2020,5,SE,31.0,88.0,11.0,38.75,Buena,22.1,56.0,4.0,27.625,Buena
859,2020-05-29,2020,5,SO,26.0,71.0,3.0,32.5,Buena,15.4,39.0,3.0,19.25,Buena
860,2020-05-30,2020,5,CE,23.0,53.0,7.0,28.75,Buena,14.6,37.0,1.0,18.25,Buena
861,2020-05-30,2020,5,NE,23.0,53.0,5.0,28.75,Buena,12.0,42.0,3.0,15.0,Buena
862,2020-05-30,2020,5,NO,25.0,88.0,3.0,31.25,Buena,18.9,41.0,5.0,23.625,Buena
863,2020-05-30,2020,5,SE,20.0,34.0,10.0,25.0,Buena,15.1,37.0,2.0,18.875,Buena
864,2020-05-30,2020,5,SO,21.0,57.0,4.0,26.25,Buena,13.5,36.0,4.0,16.875,Buena
865,2020-05-31,2020,5,CE,23.0,56.0,6.0,28.75,Buena,17.0,38.0,4.0,21.25,Buena
866,2020-05-31,2020,5,NE,26.0,103.0,5.0,32.5,Buena,12.9,31.0,2.0,16.125,Buena
867,2020-05-31,2020,5,NO,25.0,77.0,7.0,31.25,Buena,17.9,39.0,1.0,22.375,Buena
868,2020-05-31,2020,5,SE,19.0,37.0,8.0,23.75,Buena,15.5,32.0,1.0,19.375,Buena
869,2020-05-31,2020,5,SO,24.0,58.0,8.0,30.0,Buena,17.1,37.0,1.0,21.375,Buena
